mnth_yr,state_code,monthly_hospitalization
2020-08,AK,127.0
2020-08,AL,3284.0
2020-08,AR,1748.0
2020-08,AZ,2891.0
2020-08,CA,16255.0
2020-08,CO,915.0
2020-08,CT,318.0
2020-08,DC,402.0
2020-08,DE,163.0
2020-08,FL,16788.0
2020-08,GA,7330.0
2020-08,GU,79.0
2020-08,HI,916.0
2020-08,IA,1327.0
2020-08,ID,561.0
2020-08,IL,3121.0
2020-08,IN,2082.0
2020-08,KS,829.0
2020-08,KY,6078.0
2020-08,LA,3984.0
2020-08,MA,585.0
2020-08,MD,1572.0
2020-08,ME,36.0
2020-08,MI,2477.0
2020-08,MN,912.0
2020-08,MO,2510.0
2020-08,MP,0.0
2020-08,MS,3013.0
2020-08,MT,418.0
2020-08,NC,5096.0
2020-08,ND,272.0
2020-08,NE,283.0
2020-08,NH,479.0
2020-08,NJ,650.0
2020-08,NM,412.0
2020-08,NV,1811.0
2020-08,NY,2525.0
2020-08,OH,2559.0
2020-08,OK,2228.0
2020-08,OR,379.0
2020-08,PA,2195.0
2020-08,PR,643.0
2020-08,RI,176.0
2020-08,Region 1,1618.0
2020-08,Region 10,1807.0
2020-08,Region 2,3846.0
2020-08,Region 3,6431.0
2020-08,Region 4,48545.0
2020-08,Region 5,13170.0
2020-08,Region 6,26891.0
2020-08,Region 7,4949.0
2020-08,Region 8,2723.0
2020-08,Region 9,21952.0
2020-08,SC,3145.0
2020-08,SD,388.0
2020-08,TN,3811.0
2020-08,TX,18519.0
2020-08,USA,131932.0
2020-08,UT,526.0
2020-08,VA,1689.0
2020-08,VI,28.0
2020-08,VT,24.0
2020-08,WA,740.0
2020-08,WI,2019.0
2020-08,WV,410.0
2020-08,WY,204.0
2020-09,AK,147.0
2020-09,AL,3232.0
2020-09,AR,1648.0
2020-09,AZ,1618.0
2020-09,CA,9405.0
2020-09,CO,676.0
2020-09,CT,337.0
2020-09,DC,319.0
2020-09,DE,213.0
2020-09,FL,9183.0
2020-09,GA,5852.0
2020-09,GU,131.0
2020-09,HI,1029.0
2020-09,IA,1484.0
2020-09,ID,477.0
2020-09,IL,3323.0
2020-09,IN,2525.0
2020-09,KS,1110.0
2020-09,KY,6386.0
2020-09,LA,2321.0
2020-09,MA,782.0
2020-09,MD,1347.0
2020-09,ME,33.0
2020-09,MI,1445.0
2020-09,MN,1294.0
2020-09,MO,3232.0
2020-09,MP,0.0
2020-09,MS,1937.0
2020-09,MT,743.0
2020-09,NC,2945.0
2020-09,ND,447.0
2020-09,NE,532.0
2020-09,NH,144.0
2020-09,NJ,797.0
2020-09,NM,330.0
2020-09,NV,1166.0
2020-09,NY,2644.0
2020-09,OH,2711.0
2020-09,OK,2821.0
2020-09,OR,334.0
2020-09,PA,1613.0
2020-09,PR,712.0
2020-09,RI,120.0
2020-09,Region 1,1428.0
2020-09,Region 10,1717.0
2020-09,Region 2,4157.0
2020-09,Region 3,5770.0
2020-09,Region 4,34602.0
2020-09,Region 5,13854.0
2020-09,Region 6,19732.0
2020-09,Region 7,6358.0
2020-09,Region 8,3590.0
2020-09,Region 9,13349.0
2020-09,SC,1966.0
2020-09,SD,836.0
2020-09,TN,3101.0
2020-09,TX,12612.0
2020-09,USA,104557.0
2020-09,UT,661.0
2020-09,VA,1811.0
2020-09,VI,4.0
2020-09,VT,12.0
2020-09,WA,759.0
2020-09,WI,2556.0
2020-09,WV,467.0
2020-09,WY,227.0
2020-10,AK,237.0
2020-10,AL,4020.0
2020-10,AR,2562.0
2020-10,AZ,2463.0
2020-10,CA,9226.0
2020-10,CO,2151.0
2020-10,CT,855.0
2020-10,DC,337.0
2020-10,DE,373.0
2020-10,FL,9991.0
2020-10,GA,8187.0
2020-10,GU,225.0
2020-10,HI,352.0
2020-10,IA,2456.0
2020-10,ID,923.0
2020-10,IL,7581.0
2020-10,IN,4364.0
2020-10,KS,2237.0
2020-10,KY,6468.0
2020-10,LA,2559.0
2020-10,MA,1330.0
2020-10,MD,1822.0
2020-10,ME,60.0
2020-10,MI,4010.0
2020-10,MN,2486.0
2020-10,MO,5221.0
2020-10,MP,0.0
2020-10,MS,2410.0
2020-10,MT,1723.0
2020-10,NC,4345.0
2020-10,ND,999.0
2020-10,NE,1413.0
2020-10,NH,97.0
2020-10,NJ,2388.0
2020-10,NM,1026.0
2020-10,NV,1399.0
2020-10,NY,4116.0
2020-10,OH,6027.0
2020-10,OK,4680.0
2020-10,OR,594.0
2020-10,PA,3672.0
2020-10,PR,1952.0
2020-10,RI,265.0
2020-10,Region 1,2621.0
2020-10,Region 10,2633.0
2020-10,Region 2,8456.0
2020-10,Region 3,9122.0
2020-10,Region 4,42436.0
2020-10,Region 5,32512.0
2020-10,Region 6,31168.0
2020-10,Region 7,11327.0
2020-10,Region 8,8281.0
2020-10,Region 9,13665.0
2020-10,SC,2194.0
2020-10,SD,1619.0
2020-10,TN,4821.0
2020-10,TX,20341.0
2020-10,USA,162221.0
2020-10,UT,1302.0
2020-10,VA,2199.0
2020-10,VI,0.0
2020-10,VT,14.0
2020-10,WA,879.0
2020-10,WI,8044.0
2020-10,WV,719.0
2020-10,WY,487.0
2020-11,AK,521.0
2020-11,AL,5622.0
2020-11,AR,3556.0
2020-11,AZ,6303.0
2020-11,CA,20011.0
2020-11,CO,6873.0
2020-11,CT,2750.0
2020-11,DC,503.0
2020-11,DE,700.0
2020-11,FL,14961.0
2020-11,GA,9797.0
2020-11,GU,136.0
2020-11,HI,204.0
2020-11,IA,5409.0
2020-11,ID,1629.0
2020-11,IL,16901.0
2020-11,IN,9466.0
2020-11,KS,4647.0
2020-11,KY,10273.0
2020-11,LA,3595.0
2020-11,MA,3147.0
2020-11,MD,4646.0
2020-11,ME,319.0
2020-11,MI,12305.0
2020-11,MN,6223.0
2020-11,MO,8975.0
2020-11,MP,0.0
2020-11,MS,3060.0
2020-11,MT,2339.0
2020-11,NC,5758.0
2020-11,ND,1603.0
2020-11,NE,3446.0
2020-11,NH,362.0
2020-11,NJ,8036.0
2020-11,NM,3140.0
2020-11,NV,3568.0
2020-11,NY,10019.0
2020-11,OH,15914.0
2020-11,OK,7962.0
2020-11,OR,1419.0
2020-11,PA,12542.0
2020-11,PR,4104.0
2020-11,RI,657.0
2020-11,Region 1,7318.0
2020-11,Region 10,5716.0
2020-11,Region 2,22162.0
2020-11,Region 3,23729.0
2020-11,Region 4,59108.0
2020-11,Region 5,73866.0
2020-11,Region 6,48730.0
2020-11,Region 7,22477.0
2020-11,Region 8,16143.0
2020-11,Region 9,30222.0
2020-11,SC,2421.0
2020-11,SD,2001.0
2020-11,TN,7216.0
2020-11,TX,30477.0
2020-11,USA,309471.0
2020-11,UT,2450.0
2020-11,VA,3768.0
2020-11,VI,3.0
2020-11,VT,83.0
2020-11,WA,2147.0
2020-11,WI,13057.0
2020-11,WV,1570.0
2020-11,WY,877.0
2020-12,AK,416.0
2020-12,AL,10558.0
2020-12,AR,4707.0
2020-12,AZ,14649.0
2020-12,CA,59793.0
2020-12,CO,6394.0
2020-12,CT,4369.0
2020-12,DC,903.0
2020-12,DE,1540.0
2020-12,FL,24903.0
2020-12,GA,16510.0
2020-12,GU,52.0
2020-12,HI,252.0
2020-12,IA,3125.0
2020-12,ID,1668.0
2020-12,IL,15509.0
2020-12,IN,11417.0
2020-12,KS,4829.0
2020-12,KY,13055.0
2020-12,LA,6081.0
2020-12,MA,7212.0
2020-12,MD,6918.0
2020-12,ME,524.0
2020-12,MI,11839.0
2020-12,MN,4657.0
2020-12,MO,8928.0
2020-12,MP,0.0
2020-12,MS,4750.0
2020-12,MT,1528.0
2020-12,NC,10430.0
2020-12,ND,880.0
2020-12,NE,2137.0
2020-12,NH,1174.0
2020-12,NJ,13118.0
2020-12,NM,3958.0
2020-12,NV,5182.0
2020-12,NY,24893.0
2020-12,OH,20861.0
2020-12,OK,10338.0
2020-12,OR,1981.0
2020-12,PA,21910.0
2020-12,PR,1228.0
2020-12,RI,1082.0
2020-12,Region 1,14508.0
2020-12,Region 10,7256.0
2020-12,Region 2,39249.0
2020-12,Region 3,40884.0
2020-12,Region 4,96909.0
2020-12,Region 5,73581.0
2020-12,Region 6,66290.0
2020-12,Region 7,19019.0
2020-12,Region 8,13406.0
2020-12,Region 9,79928.0
2020-12,SC,5372.0
2020-12,SD,1071.0
2020-12,TN,11331.0
2020-12,TX,41206.0
2020-12,USA,451030.0
2020-12,UT,2768.0
2020-12,VA,7038.0
2020-12,VI,10.0
2020-12,VT,147.0
2020-12,WA,3191.0
2020-12,WI,9298.0
2020-12,WV,2575.0
2020-12,WY,765.0
2021-01,AK,211.0
2021-01,AL,10561.0
2021-01,AR,4718.0
2021-01,AZ,16367.0
2021-01,CA,60435.0
2021-01,CO,3740.0
2021-01,CT,4243.0
2021-01,DC,1045.0
2021-01,DE,1483.0
2021-01,FL,32533.0
2021-01,GA,22112.0
2021-01,GU,18.0
2021-01,HI,296.0
2021-01,IA,2095.0
2021-01,ID,1046.0
2021-01,IL,10781.0
2021-01,IN,8679.0
2021-01,KS,3618.0
2021-01,KY,12648.0
2021-01,LA,6477.0
2021-01,MA,7552.0
2021-01,MD,6708.0
2021-01,ME,490.0
2021-01,MI,7001.0
2021-01,MN,2497.0
2021-01,MO,6735.0
2021-01,MP,26.0
2021-01,MS,3904.0
2021-01,MT,1095.0
2021-01,NC,12327.0
2021-01,ND,405.0
2021-01,NE,1426.0
2021-01,NH,911.0
2021-01,NJ,12066.0
2021-01,NM,3072.0
2021-01,NV,4295.0
2021-01,NY,29819.0
2021-01,OH,14970.0
2021-01,OK,9738.0
2021-01,OR,1540.0
2021-01,PA,15934.0
2021-01,PR,676.0
2021-01,RI,944.0
2021-01,Region 1,14417.0
2021-01,Region 10,5636.0
2021-01,Region 2,42568.0
2021-01,Region 3,36300.0
2021-01,Region 4,110460.0
2021-01,Region 5,50103.0
2021-01,Region 6,75204.0
2021-01,Region 7,13874.0
2021-01,Region 8,8704.0
2021-01,Region 9,81437.0
2021-01,SC,7798.0
2021-01,SD,539.0
2021-01,TN,8577.0
2021-01,TX,51199.0
2021-01,USA,438703.0
2021-01,UT,2487.0
2021-01,VA,8835.0
2021-01,VI,7.0
2021-01,VT,277.0
2021-01,WA,2839.0
2021-01,WI,6175.0
2021-01,WV,2295.0
2021-01,WY,438.0
2021-02,AK,122.0
2021-02,AL,4256.0
2021-02,AR,2154.0
2021-02,AZ,5985.0
2021-02,CA,22647.0
2021-02,CO,2132.0
2021-02,CT,2509.0
2021-02,DC,682.0
2021-02,DE,688.0
2021-02,FL,19595.0
2021-02,GA,10238.0
2021-02,GU,15.0
2021-02,HI,99.0
2021-02,IA,1129.0
2021-02,ID,560.0
2021-02,IL,5131.0
2021-02,IN,3295.0
2021-02,KS,1517.0
2021-02,KY,6998.0
2021-02,LA,2689.0
2021-02,MA,3526.0
2021-02,MD,3525.0
2021-02,ME,247.0
2021-02,MI,3114.0
2021-02,MN,1258.0
2021-02,MO,2854.0
2021-02,MP,0.0
2021-02,MS,1489.0
2021-02,MT,531.0
2021-02,NC,5499.0
2021-02,ND,247.0
2021-02,NE,588.0
2021-02,NH,379.0
2021-02,NJ,7265.0
2021-02,NM,1092.0
2021-02,NV,2051.0
2021-02,NY,18780.0
2021-02,OH,6635.0
2021-02,OK,4376.0
2021-02,OR,868.0
2021-02,PA,8023.0
2021-02,PR,440.0
2021-02,RI,454.0
2021-02,Region 1,7267.0
2021-02,Region 10,3078.0
2021-02,Region 2,26487.0
2021-02,Region 3,18958.0
2021-02,Region 4,55339.0
2021-02,Region 5,21996.0
2021-02,Region 6,34361.0
2021-02,Region 7,6088.0
2021-02,Region 8,4618.0
2021-02,Region 9,30797.0
2021-02,SC,3716.0
2021-02,SD,291.0
2021-02,TN,3548.0
2021-02,TX,24050.0
2021-02,USA,208989.0
2021-02,UT,1229.0
2021-02,VA,5020.0
2021-02,VI,2.0
2021-02,VT,152.0
2021-02,WA,1528.0
2021-02,WI,2563.0
2021-02,WV,1020.0
2021-02,WY,188.0
2021-03,AK,158.0
2021-03,AL,2155.0
2021-03,AR,846.0
2021-03,AZ,2499.0
2021-03,CA,10975.0
2021-03,CO,1843.0
2021-03,CT,2438.0
2021-03,DC,548.0
2021-03,DE,442.0
2021-03,FL,14992.0
2021-03,GA,6418.0
2021-03,GU,11.0
2021-03,HI,112.0
2021-03,IA,989.0
2021-03,ID,544.0
2021-03,IL,4620.0
2021-03,IN,2078.0
2021-03,KS,763.0
2021-03,KY,4172.0
2021-03,LA,1582.0
2021-03,MA,2722.0
2021-03,MD,3474.0
2021-03,ME,228.0
2021-03,MI,6625.0
2021-03,MN,1530.0
2021-03,MO,1832.0
2021-03,MP,0.0
2021-03,MS,853.0
2021-03,MT,404.0
2021-03,NC,3387.0
2021-03,ND,201.0
2021-03,NE,419.0
2021-03,NH,357.0
2021-03,NJ,8135.0
2021-03,NM,680.0
2021-03,NV,1184.0
2021-03,NY,16903.0
2021-03,OH,4950.0
2021-03,OK,1624.0
2021-03,OR,615.0
2021-03,PA,7400.0
2021-03,PR,414.0
2021-03,RI,342.0
2021-03,Region 1,6228.0
2021-03,Region 10,2570.0
2021-03,Region 2,25458.0
2021-03,Region 3,16184.0
2021-03,Region 4,36811.0
2021-03,Region 5,21494.0
2021-03,Region 6,19033.0
2021-03,Region 7,4003.0
2021-03,Region 8,3674.0
2021-03,Region 9,14781.0
2021-03,SC,2068.0
2021-03,SD,245.0
2021-03,TN,2766.0
2021-03,TX,14301.0
2021-03,USA,150236.0
2021-03,UT,882.0
2021-03,VA,3644.0
2021-03,VI,6.0
2021-03,VT,141.0
2021-03,WA,1253.0
2021-03,WI,1691.0
2021-03,WV,676.0
2021-03,WY,99.0
2021-04,AK,187.0
2021-04,AL,1684.0
2021-04,AR,744.0
2021-04,AZ,1988.0
2021-04,CA,7617.0
2021-04,CO,2725.0
2021-04,CT,2600.0
2021-04,DC,529.0
2021-04,DE,634.0
2021-04,FL,15502.0
2021-04,GA,5498.0
2021-04,GU,17.0
2021-04,HI,174.0
2021-04,IA,1056.0
2021-04,ID,491.0
2021-04,IL,7323.0
2021-04,IN,2912.0
2021-04,KS,726.0
2021-04,KY,3637.0
2021-04,LA,1368.0
2021-04,MA,2652.0
2021-04,MD,4719.0
2021-04,ME,361.0
2021-04,MI,15535.0
2021-04,MN,2861.0
2021-04,MO,1836.0
2021-04,MP,0.0
2021-04,MS,641.0
2021-04,MT,325.0
2021-04,NC,3753.0
2021-04,ND,336.0
2021-04,NE,517.0
2021-04,NH,470.0
2021-04,NJ,7596.0
2021-04,NM,550.0
2021-04,NV,1259.0
2021-04,NY,13244.0
2021-04,OH,6037.0
2021-04,OK,1138.0
2021-04,OR,967.0
2021-04,PA,10134.0
2021-04,PR,1123.0
2021-04,RI,351.0
2021-04,Region 1,6594.0
2021-04,Region 10,3546.0
2021-04,Region 2,21976.0
2021-04,Region 3,20244.0
2021-04,Region 4,35618.0
2021-04,Region 5,37019.0
2021-04,Region 6,15200.0
2021-04,Region 7,4135.0
2021-04,Region 8,4546.0
2021-04,Region 9,11055.0
2021-04,SC,1930.0
2021-04,SD,290.0
2021-04,TN,2973.0
2021-04,TX,11400.0
2021-04,USA,159933.0
2021-04,UT,697.0
2021-04,VA,3254.0
2021-04,VI,13.0
2021-04,VT,160.0
2021-04,WA,1901.0
2021-04,WI,2351.0
2021-04,WV,974.0
2021-04,WY,173.0
2021-05,AK,112.0
2021-05,AL,1799.0
2021-05,AR,875.0
2021-05,AZ,1953.0
2021-05,CA,5792.0
2021-05,CO,2929.0
2021-05,CT,1212.0
2021-05,DC,286.0
2021-05,DE,322.0
2021-05,FL,11654.0
2021-05,GA,4307.0
2021-05,GU,17.0
2021-05,HI,169.0
2021-05,IA,723.0
2021-05,ID,406.0
2021-05,IL,5057.0
2021-05,IN,2579.0
2021-05,KS,681.0
2021-05,KY,3411.0
2021-05,LA,1500.0
2021-05,MA,1355.0
2021-05,MD,2390.0
2021-05,ME,437.0
2021-05,MI,6363.0
2021-05,MN,1761.0
2021-05,MO,1680.0
2021-05,MP,0.0
2021-05,MS,800.0
2021-05,MT,496.0
2021-05,NC,2822.0
2021-05,ND,244.0
2021-05,NE,317.0
2021-05,NH,273.0
2021-05,NJ,2929.0
2021-05,NM,688.0
2021-05,NV,998.0
2021-05,NY,5916.0
2021-05,OH,4440.0
2021-05,OK,885.0
2021-05,OR,1106.0
2021-05,PA,5592.0
2021-05,PR,429.0
2021-05,RI,161.0
2021-05,Region 1,3516.0
2021-05,Region 10,3633.0
2021-05,Region 2,9277.0
2021-05,Region 3,11406.0
2021-05,Region 4,27851.0
2021-05,Region 5,22389.0
2021-05,Region 6,12509.0
2021-05,Region 7,3401.0
2021-05,Region 8,4831.0
2021-05,Region 9,8929.0
2021-05,SC,1039.0
2021-05,SD,166.0
2021-05,TN,2019.0
2021-05,TX,8561.0
2021-05,USA,107742.0
2021-05,UT,774.0
2021-05,VA,1899.0
2021-05,VI,3.0
2021-05,VT,78.0
2021-05,WA,2009.0
2021-05,WI,2189.0
2021-05,WV,917.0
2021-05,WY,222.0
2021-06,AK,65.0
2021-06,AL,906.0
2021-06,AR,1162.0
2021-06,AZ,1746.0
2021-06,CA,4428.0
2021-06,CO,1501.0
2021-06,CT,306.0
2021-06,DC,155.0
2021-06,DE,90.0
2021-06,FL,7713.0
2021-06,GA,2442.0
2021-06,GU,11.0
2021-06,HI,110.0
2021-06,IA,392.0
2021-06,ID,316.0
2021-06,IL,1840.0
2021-06,IN,1175.0
2021-06,KS,498.0
2021-06,KY,2696.0
2021-06,LA,1242.0
2021-06,MA,451.0
2021-06,MD,803.0
2021-06,ME,171.0
2021-06,MI,1452.0
2021-06,MN,545.0
2021-06,MO,2333.0
2021-06,MP,0.0
2021-06,MS,974.0
2021-06,MT,385.0
2021-06,NC,1584.0
2021-06,ND,94.0
2021-06,NE,165.0
2021-06,NH,78.0
2021-06,NJ,1093.0
2021-06,NM,399.0
2021-06,NV,1090.0
2021-06,NY,2220.0
2021-06,OH,2113.0
2021-06,OK,773.0
2021-06,OR,684.0
2021-06,PA,1822.0
2021-06,PR,79.0
2021-06,RI,52.0
2021-06,Region 1,1082.0
2021-06,Region 10,2356.0
2021-06,Region 2,3411.0
2021-06,Region 3,4111.0
2021-06,Region 4,17566.0
2021-06,Region 5,7859.0
2021-06,Region 6,9868.0
2021-06,Region 7,3388.0
2021-06,Region 8,3203.0
2021-06,Region 9,7385.0
2021-06,SC,441.0
2021-06,SD,100.0
2021-06,TN,810.0
2021-06,TX,6292.0
2021-06,USA,60229.0
2021-06,UT,881.0
2021-06,VA,846.0
2021-06,VI,19.0
2021-06,VT,24.0
2021-06,WA,1291.0
2021-06,WI,734.0
2021-06,WV,395.0
2021-06,WY,242.0
2021-07,AK,257.0
2021-07,AL,4034.0
2021-07,AR,3411.0
2021-07,AZ,2938.0
2021-07,CA,10624.0
2021-07,CO,1694.0
2021-07,CT,392.0
2021-07,DC,104.0
2021-07,DE,86.0
2021-07,FL,27044.0
2021-07,GA,5485.0
2021-07,GU,8.0
2021-07,HI,234.0
2021-07,IA,564.0
2021-07,ID,445.0
2021-07,IL,2555.0
2021-07,IN,1794.0
2021-07,KS,1335.0
2021-07,KY,3229.0
2021-07,LA,4453.0
2021-07,MA,591.0
2021-07,MD,750.0
2021-07,ME,179.0
2021-07,MI,1130.0
2021-07,MN,670.0
2021-07,MO,5422.0
2021-07,MP,0.0
2021-07,MS,1977.0
2021-07,MT,465.0
2021-07,NC,2729.0
2021-07,ND,72.0
2021-07,NE,402.0
2021-07,NH,103.0
2021-07,NJ,1411.0
2021-07,NM,531.0
2021-07,NV,3158.0
2021-07,NY,2403.0
2021-07,OH,2177.0
2021-07,OK,2786.0
2021-07,OR,689.0
2021-07,PA,1462.0
2021-07,PR,198.0
2021-07,RI,57.0
2021-07,Region 1,1343.0
2021-07,Region 10,2940.0
2021-07,Region 2,4040.0
2021-07,Region 3,3949.0
2021-07,Region 4,48226.0
2021-07,Region 5,9242.0
2021-07,Region 6,27931.0
2021-07,Region 7,7723.0
2021-07,Region 8,4090.0
2021-07,Region 9,16962.0
2021-07,SC,1521.0
2021-07,SD,152.0
2021-07,TN,2207.0
2021-07,TX,16750.0
2021-07,USA,126446.0
2021-07,UT,1358.0
2021-07,VA,1185.0
2021-07,VI,28.0
2021-07,VT,21.0
2021-07,WA,1549.0
2021-07,WI,916.0
2021-07,WV,362.0
2021-07,WY,349.0
2021-08,AK,526.0
2021-08,AL,10715.0
2021-08,AR,5227.0
2021-08,AS,0.0
2021-08,AZ,5918.0
2021-08,CA,27373.0
2021-08,CO,3337.0
2021-08,CT,1354.0
2021-08,DC,420.0
2021-08,DE,612.0
2021-08,FL,64147.0
2021-08,GA,20067.0
2021-08,GU,38.0
2021-08,HI,1406.0
2021-08,IA,1967.0
2021-08,ID,1450.0
2021-08,IL,7504.0
2021-08,IN,6625.0
2021-08,KS,2930.0
2021-08,KY,12002.0
2021-08,LA,10461.0
2021-08,MA,1926.0
2021-08,MD,2526.0
2021-08,ME,429.0
2021-08,MI,3684.0
2021-08,MN,1836.0
2021-08,MO,7422.0
2021-08,MP,0.0
2021-08,MS,5306.0
2021-08,MT,1298.0
2021-08,NC,9708.0
2021-08,ND,419.0
2021-08,NE,991.0
2021-08,NH,415.0
2021-08,NJ,3722.0
2021-08,NM,1553.0
2021-08,NV,4025.0
2021-08,NY,7720.0
2021-08,OH,7583.0
2021-08,OK,8435.0
2021-08,OR,2991.0
2021-08,PA,5027.0
2021-08,PR,843.0
2021-08,RI,326.0
2021-08,Region 1,4570.0
2021-08,Region 10,8989.0
2021-08,Region 2,12313.0
2021-08,Region 3,14717.0
2021-08,Region 4,138578.0
2021-08,Region 5,31540.0
2021-08,Region 6,74742.0
2021-08,Region 7,13310.0
2021-08,Region 8,8483.0
2021-08,Region 9,38760.0
2021-08,SC,7358.0
2021-08,SD,584.0
2021-08,TN,9275.0
2021-08,TX,49066.0
2021-08,USA,346002.0
2021-08,UT,2016.0
2021-08,VA,4350.0
2021-08,VI,28.0
2021-08,VT,120.0
2021-08,WA,4022.0
2021-08,WI,4308.0
2021-08,WV,1782.0
2021-08,WY,829.0
2021-09,AK,768.0
2021-09,AL,7413.0
2021-09,AR,3339.0
2021-09,AS,0.0
2021-09,AZ,6054.0
2021-09,CA,19207.0
2021-09,CO,4191.0
2021-09,CT,1164.0
2021-09,DC,464.0
2021-09,DE,814.0
2021-09,FL,31961.0
2021-09,GA,15926.0
2021-09,GU,939.0
2021-09,HI,959.0
2021-09,IA,2506.0
2021-09,ID,2470.0
2021-09,IL,7337.0
2021-09,IN,8099.0
2021-09,KS,2761.0
2021-09,KY,13127.0
2021-09,LA,4021.0
2021-09,MA,2173.0
2021-09,MD,2979.0
2021-09,ME,685.0
2021-09,MI,5573.0
2021-09,MN,2678.0
2021-09,MO,4848.0
2021-09,MP,4.0
2021-09,MS,2639.0
2021-09,MT,2529.0
2021-09,NC,10057.0
2021-09,ND,749.0
2021-09,NE,1441.0
2021-09,NH,543.0
2021-09,NJ,4134.0
2021-09,NM,1604.0
2021-09,NV,3087.0
2021-09,NY,8756.0
2021-09,OH,14625.0
2021-09,OK,7620.0
2021-09,OR,3105.0
2021-09,PA,8554.0
2021-09,PR,431.0
2021-09,RI,339.0
2021-09,Region 1,5160.0
2021-09,Region 10,10701.0
2021-09,Region 2,13341.0
2021-09,Region 3,22129.0
2021-09,Region 4,98949.0
2021-09,Region 5,44608.0
2021-09,Region 6,55215.0
2021-09,Region 7,11556.0
2021-09,Region 8,11559.0
2021-09,Region 9,30250.0
2021-09,SC,8079.0
2021-09,SD,830.0
2021-09,TN,9747.0
2021-09,TX,38631.0
2021-09,USA,303468.0
2021-09,UT,2365.0
2021-09,VA,6283.0
2021-09,VI,20.0
2021-09,VT,256.0
2021-09,WA,4358.0
2021-09,WI,6296.0
2021-09,WV,3035.0
2021-09,WY,895.0
2021-10,AK,760.0
2021-10,AL,2343.0
2021-10,AR,1584.0
2021-10,AS,0.0
2021-10,AZ,5615.0
2021-10,CA,12747.0
2021-10,CO,5452.0
2021-10,CT,938.0
2021-10,DC,267.0
2021-10,DE,705.0
2021-10,FL,10663.0
2021-10,GA,6321.0
2021-10,GU,920.0
2021-10,HI,312.0
2021-10,IA,2321.0
2021-10,ID,1883.0
2021-10,IL,4833.0
2021-10,IN,4949.0
2021-10,KS,1903.0
2021-10,KY,4623.0
2021-10,LA,1453.0
2021-10,MA,1862.0
2021-10,MD,2434.0
2021-10,ME,638.0
2021-10,MI,7982.0
2021-10,MN,3497.0
2021-10,MO,2886.0
2021-10,MP,0.0
2021-10,MS,954.0
2021-10,MT,3058.0
2021-10,NC,5336.0
2021-10,ND,1006.0
2021-10,NE,1446.0
2021-10,NH,673.0
2021-10,NJ,3115.0
2021-10,NM,1745.0
2021-10,NV,2290.0
2021-10,NY,8039.0
2021-10,OH,11856.0
2021-10,OK,3930.0
2021-10,OR,1758.0
2021-10,PA,10196.0
2021-10,PR,137.0
2021-10,RI,241.0
2021-10,Region 1,4590.0
2021-10,Region 10,7571.0
2021-10,Region 2,11306.0
2021-10,Region 3,20020.0
2021-10,Region 4,37050.0
2021-10,Region 5,38516.0
2021-10,Region 6,25346.0
2021-10,Region 7,8556.0
2021-10,Region 8,13766.0
2021-10,Region 9,21884.0
2021-10,SC,2910.0
2021-10,SD,839.0
2021-10,TN,3900.0
2021-10,TX,16634.0
2021-10,USA,188605.0
2021-10,UT,2365.0
2021-10,VA,4150.0
2021-10,VI,15.0
2021-10,VT,238.0
2021-10,WA,3170.0
2021-10,WI,5399.0
2021-10,WV,2268.0
2021-10,WY,1046.0
2021-11,AK,443.0
2021-11,AL,1200.0
2021-11,AR,1107.0
2021-11,AS,0.0
2021-11,AZ,7894.0
2021-11,CA,10996.0
2021-11,CO,6903.0
2021-11,CT,1129.0
2021-11,DC,187.0
2021-11,DE,603.0
2021-11,FL,5546.0
2021-11,GA,3611.0
2021-11,GU,542.0
2021-11,HI,168.0
2021-11,IA,2425.0
2021-11,ID,1055.0
2021-11,IL,6264.0
2021-11,IN,5906.0
2021-11,KS,2183.0
2021-11,KY,3481.0
2021-11,LA,874.0
2021-11,MA,2456.0
2021-11,MD,2176.0
2021-11,ME,931.0
2021-11,MI,12513.0
2021-11,MN,4598.0
2021-11,MO,3282.0
2021-11,MP,3.0
2021-11,MS,543.0
2021-11,MT,1757.0
2021-11,NC,3417.0
2021-11,ND,812.0
2021-11,NE,1768.0
2021-11,NH,1120.0
2021-11,NJ,3132.0
2021-11,NM,2134.0
2021-11,NV,2076.0
2021-11,NY,9276.0
2021-11,OH,12344.0
2021-11,OK,2427.0
2021-11,OR,1361.0
2021-11,PA,10635.0
2021-11,PR,133.0
2021-11,RI,339.0
2021-11,Region 1,6292.0
2021-11,Region 10,5245.0
2021-11,Region 2,12551.0
2021-11,Region 3,17986.0
2021-11,Region 4,21610.0
2021-11,Region 5,47748.0
2021-11,Region 6,16248.0
2021-11,Region 7,9658.0
2021-11,Region 8,13389.0
2021-11,Region 9,21679.0
2021-11,SC,1495.0
2021-11,SD,1002.0
2021-11,TN,2317.0
2021-11,TX,9706.0
2021-11,USA,172406.0
2021-11,UT,2258.0
2021-11,VA,2754.0
2021-11,VI,10.0
2021-11,VT,317.0
2021-11,WA,2386.0
2021-11,WI,6123.0
2021-11,WV,1631.0
2021-11,WY,657.0
2021-12,AK,243.0
2021-12,AL,2164.0
2021-12,AR,2134.0
2021-12,AS,0.0
2021-12,AZ,8764.0
2021-12,CA,14908.0
2021-12,CO,5806.0
2021-12,CT,3536.0
2021-12,DC,1059.0
2021-12,DE,1290.0
2021-12,FL,13377.0
2021-12,GA,7333.0
2021-12,GU,128.0
2021-12,HI,353.0
2021-12,IA,3429.0
2021-12,ID,845.0
2021-12,IL,15757.0
2021-12,IN,10919.0
2021-12,KS,3315.0
2021-12,KY,4044.0
2021-12,LA,1995.0
2021-12,MA,5731.0
2021-12,MD,6226.0
2021-12,ME,1178.0
2021-12,MI,14449.0
2021-12,MN,4889.0
2021-12,MO,7009.0
2021-12,MP,355.0
2021-12,MS,1248.0
2021-12,MT,812.0
2021-12,NC,6455.0
2021-12,ND,729.0
2021-12,NE,1781.0
2021-12,NH,1498.0
2021-12,NJ,10363.0
2021-12,NM,2083.0
2021-12,NV,2463.0
2021-12,NY,21017.0
2021-12,OH,20374.0
2021-12,OK,4285.0
2021-12,OR,1280.0
2021-12,PA,16987.0
2021-12,PR,513.0
2021-12,RI,884.0
2021-12,Region 1,13208.0
2021-12,Region 10,4963.0
2021-12,Region 2,31910.0
2021-12,Region 3,33578.0
2021-12,Region 4,41706.0
2021-12,Region 5,75005.0
2021-12,Region 6,28474.0
2021-12,Region 7,15534.0
2021-12,Region 8,10881.0
2021-12,Region 9,26971.0
2021-12,SC,2681.0
2021-12,SD,1057.0
2021-12,TN,4404.0
2021-12,TX,17977.0
2021-12,USA,282230.0
2021-12,UT,2084.0
2021-12,VA,5854.0
2021-12,VI,17.0
2021-12,VT,381.0
2021-12,WA,2595.0
2021-12,WI,8617.0
2021-12,WV,2162.0
2021-12,WY,393.0
2022-01,AK,551.0
2022-01,AL,10575.0
2022-01,AR,6599.0
2022-01,AS,0.0
2022-01,AZ,14322.0
2022-01,CA,57002.0
2022-01,CO,9229.0
2022-01,CT,6812.0
2022-01,DC,1862.0
2022-01,DE,2358.0
2022-01,FL,54967.0
2022-01,GA,22054.0
2022-01,GU,375.0
2022-01,HI,1583.0
2022-01,IA,4443.0
2022-01,ID,1901.0
2022-01,IL,22096.0
2022-01,IN,12720.0
2022-01,KS,5163.0
2022-01,KY,7582.0
2022-01,LA,8988.0
2022-01,MA,10445.0
2022-01,MD,10480.0
2022-01,ME,1115.0
2022-01,MI,15396.0
2022-01,MN,5879.0
2022-01,MO,12112.0
2022-01,MP,297.0
2022-01,MS,5478.0
2022-01,MT,1969.0
2022-01,NC,16947.0
2022-01,ND,1088.0
2022-01,NE,2352.0
2022-01,NH,1629.0
2022-01,NJ,19797.0
2022-01,NM,2792.0
2022-01,NV,6002.0
2022-01,NY,39759.0
2022-01,OH,26098.0
2022-01,OK,10533.0
2022-01,OR,3260.0
2022-01,PA,23593.0
2022-01,PR,2494.0
2022-01,RI,1485.0
2022-01,Region 1,22067.0
2022-01,Region 10,13035.0
2022-01,Region 2,62137.0
2022-01,Region 3,55073.0
2022-01,Region 4,139796.0
2022-01,Region 5,92185.0
2022-01,Region 6,86078.0
2022-01,Region 7,24070.0
2022-01,Region 8,18716.0
2022-01,Region 9,79581.0
2022-01,SC,10649.0
2022-01,SD,1663.0
2022-01,TN,11544.0
2022-01,TX,57166.0
2022-01,USA,592738.0
2022-01,UT,4172.0
2022-01,VA,13210.0
2022-01,VI,87.0
2022-01,VT,581.0
2022-01,WA,7323.0
2022-01,WI,9996.0
2022-01,WV,3570.0
2022-01,WY,595.0
2022-02,AK,355.0
2022-02,AL,5097.0
2022-02,AR,3749.0
2022-02,AS,1.0
2022-02,AZ,7357.0
2022-02,CA,24356.0
2022-02,CO,2889.0
2022-02,CT,1680.0
2022-02,DC,367.0
2022-02,DE,602.0
2022-02,FL,19954.0
2022-02,GA,8284.0
2022-02,GU,828.0
2022-02,HI,689.0
2022-02,IA,1882.0
2022-02,ID,1232.0
2022-02,IL,6322.0
2022-02,IN,4792.0
2022-02,KS,2340.0
2022-02,KY,4922.0
2022-02,LA,3568.0
2022-02,MA,2857.0
2022-02,MD,2422.0
2022-02,ME,664.0
2022-02,MI,6162.0
2022-02,MN,2693.0
2022-02,MO,5282.0
2022-02,MP,28.0
2022-02,MS,2050.0
2022-02,MT,1253.0
2022-02,NC,8000.0
2022-02,ND,628.0
2022-02,NE,1309.0
2022-02,NH,679.0
2022-02,NJ,4051.0
2022-02,NM,1576.0
2022-02,NV,2361.0
2022-02,NY,9595.0
2022-02,OH,7868.0
2022-02,OK,5230.0
2022-02,OR,2462.0
2022-02,PA,7494.0
2022-02,PR,389.0
2022-02,RI,361.0
2022-02,Region 1,6540.0
2022-02,Region 10,7750.0
2022-02,Region 2,14047.0
2022-02,Region 3,18377.0
2022-02,Region 4,58650.0
2022-02,Region 5,31577.0
2022-02,Region 6,36965.0
2022-02,Region 7,10813.0
2022-02,Region 8,8428.0
2022-02,Region 9,35620.0
2022-02,SC,4264.0
2022-02,SD,767.0
2022-02,TN,6079.0
2022-02,TX,22842.0
2022-02,USA,228767.0
2022-02,UT,2431.0
2022-02,VA,5098.0
2022-02,VI,12.0
2022-02,VT,299.0
2022-02,WA,3701.0
2022-02,WI,3740.0
2022-02,WV,2394.0
2022-02,WY,460.0
2022-03,AK,171.0
2022-03,AL,1082.0
2022-03,AR,1048.0
2022-03,AS,39.0
2022-03,AZ,2444.0
2022-03,CA,7921.0
2022-03,CO,796.0
2022-03,CT,694.0
2022-03,DC,150.0
2022-03,DE,223.0
2022-03,FL,5062.0
2022-03,GA,2243.0
2022-03,GU,765.0
2022-03,HI,277.0
2022-03,IA,558.0
2022-03,ID,270.0
2022-03,IL,2294.0
2022-03,IN,1296.0
2022-03,KS,740.0
2022-03,KY,1582.0
2022-03,LA,830.0
2022-03,MA,1069.0
2022-03,MD,851.0
2022-03,ME,313.0
2022-03,MI,2279.0
2022-03,MN,1038.0
2022-03,MO,1464.0
2022-03,MP,18.0
2022-03,MS,317.0
2022-03,MT,333.0
2022-03,NC,2004.0
2022-03,ND,188.0
2022-03,NE,396.0
2022-03,NH,236.0
2022-03,NJ,1589.0
2022-03,NM,508.0
2022-03,NV,661.0
2022-03,NY,3994.0
2022-03,OH,2330.0
2022-03,OK,871.0
2022-03,OR,883.0
2022-03,PA,2491.0
2022-03,PR,183.0
2022-03,RI,126.0
2022-03,Region 1,2592.0
2022-03,Region 10,2638.0
2022-03,Region 2,5771.0
2022-03,Region 3,5972.0
2022-03,Region 4,14412.0
2022-03,Region 5,10400.0
2022-03,Region 6,10160.0
2022-03,Region 7,3158.0
2022-03,Region 8,2431.0
2022-03,Region 9,12125.0
2022-03,SC,900.0
2022-03,SD,211.0
2022-03,TN,1222.0
2022-03,TX,6903.0
2022-03,USA,69659.0
2022-03,UT,781.0
2022-03,VA,1462.0
2022-03,VI,5.0
2022-03,VT,154.0
2022-03,WA,1314.0
2022-03,WI,1163.0
2022-03,WV,795.0
2022-03,WY,122.0
2022-04,AK,155.0
2022-04,AL,490.0
2022-04,AR,536.0
2022-04,AS,61.0
2022-04,AZ,1221.0
2022-04,CA,4188.0
2022-04,CO,614.0
2022-04,CT,1026.0
2022-04,DC,157.0
2022-04,DE,207.0
2022-04,FL,3794.0
2022-04,GA,1087.0
2022-04,GU,302.0
2022-04,HI,269.0
2022-04,IA,396.0
2022-04,ID,151.0
2022-04,IL,2278.0
2022-04,IN,792.0
2022-04,KS,349.0
2022-04,KY,660.0
2022-04,LA,436.0
2022-04,MA,1808.0
2022-04,MD,792.0
2022-04,ME,392.0
2022-04,MI,2078.0
2022-04,MN,941.0
2022-04,MO,780.0
2022-04,MP,1.0
2022-04,MS,111.0
2022-04,MT,119.0
2022-04,NC,1224.0
2022-04,ND,94.0
2022-04,NE,178.0
2022-04,NH,330.0
2022-04,NJ,1856.0
2022-04,NM,233.0
2022-04,NV,360.0
2022-04,NY,6508.0
2022-04,OH,1586.0
2022-04,OK,332.0
2022-04,OR,559.0
2022-04,PA,1911.0
2022-04,PR,682.0
2022-04,RI,176.0
2022-04,Region 1,4033.0
2022-04,Region 10,1870.0
2022-04,Region 2,9057.0
2022-04,Region 3,4332.0
2022-04,Region 4,8216.0
2022-04,Region 5,8595.0
2022-04,Region 6,4961.0
2022-04,Region 7,1703.0
2022-04,Region 8,1304.0
2022-04,Region 9,6402.0
2022-04,SC,369.0
2022-04,SD,118.0
2022-04,TN,481.0
2022-04,TX,3424.0
2022-04,USA,50473.0
2022-04,UT,314.0
2022-04,VA,919.0
2022-04,VI,11.0
2022-04,VT,301.0
2022-04,WA,1005.0
2022-04,WI,920.0
2022-04,WV,346.0
2022-04,WY,45.0
2022-05,AK,226.0
2022-05,AL,759.0
2022-05,AR,443.0
2022-05,AS,9.0
2022-05,AZ,1767.0
2022-05,CA,8758.0
2022-05,CO,1427.0
2022-05,CT,1838.0
2022-05,DC,369.0
2022-05,DE,584.0
2022-05,FL,9584.0
2022-05,GA,1806.0
2022-05,GU,33.0
2022-05,HI,716.0
2022-05,IA,817.0
2022-05,ID,287.0
2022-05,IL,4775.0
2022-05,IN,1669.0
2022-05,KS,486.0
2022-05,KY,1100.0
2022-05,LA,1071.0
2022-05,MA,3729.0
2022-05,MD,2058.0
2022-05,ME,613.0
2022-05,MI,4246.0
2022-05,MN,1916.0
2022-05,MO,1387.0
2022-05,MP,0.0
2022-05,MS,298.0
2022-05,MT,344.0
2022-05,NC,2515.0
2022-05,ND,176.0
2022-05,NE,334.0
2022-05,NH,613.0
2022-05,NJ,3917.0
2022-05,NM,393.0
2022-05,NV,849.0
2022-05,NY,11350.0
2022-05,OH,3625.0
2022-05,OK,404.0
2022-05,OR,1267.0
2022-05,PA,4973.0
2022-05,PR,1203.0
2022-05,RI,347.0
2022-05,Region 1,7464.0
2022-05,Region 10,4015.0
2022-05,Region 2,16523.0
2022-05,Region 3,10875.0
2022-05,Region 4,18137.0
2022-05,Region 5,18169.0
2022-05,Region 6,6856.0
2022-05,Region 7,3024.0
2022-05,Region 8,2848.0
2022-05,Region 9,12132.0
2022-05,SC,998.0
2022-05,SD,146.0
2022-05,TN,1077.0
2022-05,TX,4545.0
2022-05,USA,100043.0
2022-05,UT,653.0
2022-05,VA,2211.0
2022-05,VI,53.0
2022-05,VT,324.0
2022-05,WA,2235.0
2022-05,WI,1938.0
2022-05,WV,680.0
2022-05,WY,102.0
2022-06,AK,352.0
2022-06,AL,1846.0
2022-06,AR,927.0
2022-06,AS,18.0
2022-06,AZ,3009.0
2022-06,CA,15152.0
2022-06,CO,2489.0
2022-06,CT,1503.0
2022-06,DC,461.0
2022-06,DE,485.0
2022-06,FL,17518.0
2022-06,GA,3570.0
2022-06,GU,43.0
2022-06,HI,1066.0
2022-06,IA,979.0
2022-06,ID,662.0
2022-06,IL,5473.0
2022-06,IN,2365.0
2022-06,KS,826.0
2022-06,KY,1924.0
2022-06,LA,2257.0
2022-06,MA,2665.0
2022-06,MD,2102.0
2022-06,ME,369.0
2022-06,MI,3345.0
2022-06,MN,1879.0
2022-06,MO,2692.0
2022-06,MP,8.0
2022-06,MS,989.0
2022-06,MT,700.0
2022-06,NC,3390.0
2022-06,ND,265.0
2022-06,NE,652.0
2022-06,NH,453.0
2022-06,NJ,3954.0
2022-06,NM,841.0
2022-06,NV,1696.0
2022-06,NY,8263.0
2022-06,OH,4377.0
2022-06,OK,1014.0
2022-06,OR,1725.0
2022-06,PA,4804.0
2022-06,PR,1144.0
2022-06,RI,200.0
2022-06,Region 1,5373.0
2022-06,Region 10,5379.0
2022-06,Region 2,13384.0
2022-06,Region 3,11797.0
2022-06,Region 4,33110.0
2022-06,Region 5,19456.0
2022-06,Region 6,15257.0
2022-06,Region 7,5149.0
2022-06,Region 8,5151.0
2022-06,Region 9,20992.0
2022-06,SC,1761.0
2022-06,SD,311.0
2022-06,TN,2112.0
2022-06,TX,10218.0
2022-06,USA,135048.0
2022-06,UT,1191.0
2022-06,VA,2988.0
2022-06,VI,23.0
2022-06,VT,183.0
2022-06,WA,2640.0
2022-06,WI,2017.0
2022-06,WV,957.0
2022-06,WY,195.0
2022-07,AK,439.0
2022-07,AL,3423.0
2022-07,AR,1923.0
2022-07,AS,88.0
2022-07,AZ,3597.0
2022-07,CA,21463.0
2022-07,CO,2656.0
2022-07,CT,1760.0
2022-07,DC,602.0
2022-07,DE,570.0
2022-07,FL,22415.0
2022-07,GA,6395.0
2022-07,GU,90.0
2022-07,HI,966.0
2022-07,IA,1391.0
2022-07,ID,1025.0
2022-07,IL,6916.0
2022-07,IN,3423.0
2022-07,KS,1533.0
2022-07,KY,3111.0
2022-07,LA,3789.0
2022-07,MA,2950.0
2022-07,MD,2583.0
2022-07,ME,373.0
2022-07,MI,3859.0
2022-07,MN,2041.0
2022-07,MO,3896.0
2022-07,MP,7.0
2022-07,MS,1847.0
2022-07,MT,830.0
2022-07,NC,4697.0
2022-07,ND,350.0
2022-07,NE,855.0
2022-07,NH,442.0
2022-07,NJ,4846.0
2022-07,NM,949.0
2022-07,NV,1899.0
2022-07,NY,10917.0
2022-07,OH,6390.0
2022-07,OK,2119.0
2022-07,OR,2153.0
2022-07,PA,5661.0
2022-07,PR,1041.0
2022-07,RI,221.0
2022-07,Region 1,5903.0
2022-07,Region 10,6985.0
2022-07,Region 2,16841.0
2022-07,Region 3,14525.0
2022-07,Region 4,47973.0
2022-07,Region 5,25120.0
2022-07,Region 6,26959.0
2022-07,Region 7,7675.0
2022-07,Region 8,6197.0
2022-07,Region 9,28110.0
2022-07,SC,2756.0
2022-07,SD,434.0
2022-07,TN,3329.0
2022-07,TX,18179.0
2022-07,USA,186288.0
2022-07,UT,1624.0
2022-07,VA,3635.0
2022-07,VI,37.0
2022-07,VT,157.0
2022-07,WA,3368.0
2022-07,WI,2491.0
2022-07,WV,1474.0
2022-07,WY,303.0
2022-08,AK,419.0
2022-08,AL,3220.0
2022-08,AR,1703.0
2022-08,AS,3.0
2022-08,AZ,2659.0
2022-08,CA,17701.0
2022-08,CO,1823.0
2022-08,CT,1919.0
2022-08,DC,620.0
2022-08,DE,646.0
2022-08,FL,18755.0
2022-08,GA,6624.0
2022-08,GU,99.0
2022-08,HI,841.0
2022-08,IA,1667.0
2022-08,ID,734.0
2022-08,IL,6801.0
2022-08,IN,4057.0
2022-08,KS,1304.0
2022-08,KY,3529.0
2022-08,LA,3089.0
2022-08,MA,2916.0
2022-08,MD,2568.0
2022-08,ME,485.0
2022-08,MI,4824.0
2022-08,MN,2439.0
2022-08,MO,3414.0
2022-08,MS,1345.0
2022-08,MT,709.0
2022-08,NC,4954.0
2022-08,ND,411.0
2022-08,NE,936.0
2022-08,NH,507.0
2022-08,NJ,4754.0
2022-08,NM,786.0
2022-08,NV,886.0
2022-08,NY,10161.0
2022-08,OH,7227.0
2022-08,OK,2127.0
2022-08,OR,1598.0
2022-08,PA,6276.0
2022-08,PR,1032.0
2022-08,RI,388.0
2022-08,Region 1,6397.0
2022-08,Region 10,5230.0
2022-08,Region 2,15976.0
2022-08,Region 3,15726.0
2022-08,Region 4,44985.0
2022-08,Region 5,28090.0
2022-08,Region 6,22691.0
2022-08,Region 7,7321.0
2022-08,Region 8,4947.0
2022-08,Region 9,22189.0
2022-08,SC,3056.0
2022-08,SD,601.0
2022-08,TN,3502.0
2022-08,TX,14986.0
2022-08,USA,173552.0
2022-08,UT,1172.0
2022-08,VA,3999.0
2022-08,VI,29.0
2022-08,VT,182.0
2022-08,WA,2479.0
2022-08,WI,2742.0
2022-08,WV,1617.0
2022-08,WY,231.0
2022-09,AK,226.0
2022-09,AL,1879.0
2022-09,AR,1241.0
2022-09,AS,2.0
2022-09,AZ,1412.0
2022-09,CA,11690.0
2022-09,CO,1266.0
2022-09,CT,1825.0
2022-09,DC,403.0
2022-09,DE,479.0
2022-09,FL,10383.0
2022-09,GA,3561.0
2022-09,GU,42.0
2022-09,HI,560.0
2022-09,IA,1186.0
2022-09,ID,553.0
2022-09,IL,5088.0
2022-09,IN,2238.0
2022-09,KS,974.0
2022-09,KY,2395.0
2022-09,LA,1928.0
2022-09,MA,3011.0
2022-09,MD,2027.0
2022-09,ME,510.0
2022-09,MI,4517.0
2022-09,MN,1935.0
2022-09,MO,2891.0
2022-09,MP,0.0
2022-09,MS,774.0
2022-09,MT,547.0
2022-09,NC,3883.0
2022-09,ND,292.0
2022-09,NE,591.0
2022-09,NH,458.0
2022-09,NJ,3867.0
2022-09,NM,484.0
2022-09,NV,534.0
2022-09,NY,8811.0
2022-09,OH,5804.0
2022-09,OK,1532.0
2022-09,OR,1174.0
2022-09,PA,5359.0
2022-09,PR,678.0
2022-09,RI,335.0
2022-09,Region 1,6341.0
2022-09,Region 10,3831.0
2022-09,Region 2,13386.0
2022-09,Region 3,12355.0
2022-09,Region 4,26925.0
2022-09,Region 5,21726.0
2022-09,Region 6,15049.0
2022-09,Region 7,5642.0
2022-09,Region 8,3373.0
2022-09,Region 9,14240.0
2022-09,SC,1690.0
2022-09,SD,412.0
2022-09,TN,2360.0
2022-09,TX,9864.0
2022-09,USA,122868.0
2022-09,UT,715.0
2022-09,VA,2917.0
2022-09,VI,30.0
2022-09,VT,202.0
2022-09,WA,1878.0
2022-09,WI,2144.0
2022-09,WV,1170.0
2022-09,WY,141.0
2022-10,AK,133.0
2022-10,AL,1100.0
2022-10,AR,642.0
2022-10,AS,0.0
2022-10,AZ,1374.0
2022-10,CA,8350.0
2022-10,CO,1321.0
2022-10,CT,2132.0
2022-10,DC,322.0
2022-10,DE,402.0
2022-10,FL,5818.0
2022-10,GA,2179.0
2022-10,GU,17.0
2022-10,HI,516.0
2022-10,IA,855.0
2022-10,ID,487.0
2022-10,IL,4638.0
2022-10,IN,1792.0
2022-10,KS,844.0
2022-10,KY,1422.0
2022-10,LA,1206.0
2022-10,MA,3620.0
2022-10,MD,1778.0
2022-10,ME,625.0
2022-10,MI,4448.0
2022-10,MN,2040.0
2022-10,MO,2308.0
2022-10,MS,370.0
2022-10,MT,459.0
2022-10,NC,2607.0
2022-10,ND,275.0
2022-10,NE,467.0
2022-10,NH,609.0
2022-10,NJ,4943.0
2022-10,NM,544.0
2022-10,NV,632.0
2022-10,NY,11069.0
2022-10,OH,4948.0
2022-10,OK,906.0
2022-10,OR,1055.0
2022-10,PA,5646.0
2022-10,PR,462.0
2022-10,RI,390.0
2022-10,Region 1,7621.0
2022-10,Region 10,3104.0
2022-10,Region 2,16483.0
2022-10,Region 3,11151.0
2022-10,Region 4,15996.0
2022-10,Region 5,20222.0
2022-10,Region 6,8569.0
2022-10,Region 7,4474.0
2022-10,Region 8,3163.0
2022-10,Region 9,10889.0
2022-10,SC,1071.0
2022-10,SD,307.0
2022-10,TN,1429.0
2022-10,TX,5271.0
2022-10,USA,101672.0
2022-10,UT,650.0
2022-10,VA,2273.0
2022-10,VI,9.0
2022-10,VT,245.0
2022-10,WA,1429.0
2022-10,WI,2356.0
2022-10,WV,730.0
2022-10,WY,151.0
2022-11,AK,154.0
2022-11,AL,1135.0
2022-11,AR,664.0
2022-11,AS,3.0
2022-11,AZ,3745.0
2022-11,CA,12694.0
2022-11,CO,2989.0
2022-11,CT,1920.0
2022-11,DC,380.0
2022-11,DE,366.0
2022-11,FL,5593.0
2022-11,GA,2247.0
2022-11,GU,23.0
2022-11,HI,436.0
2022-11,IA,949.0
2022-11,ID,531.0
2022-11,IL,5547.0
2022-11,IN,2310.0
2022-11,KS,987.0
2022-11,KY,1585.0
2022-11,LA,1257.0
2022-11,MA,2799.0
2022-11,MD,1857.0
2022-11,ME,361.0
2022-11,MI,3756.0
2022-11,MN,2140.0
2022-11,MO,2486.0
2022-11,MS,394.0
2022-11,MT,435.0
2022-11,NC,2192.0
2022-11,ND,318.0
2022-11,NE,752.0
2022-11,NH,427.0
2022-11,NJ,4826.0
2022-11,NM,876.0
2022-11,NV,1019.0
2022-11,NY,10879.0
2022-11,OH,5453.0
2022-11,OK,952.0
2022-11,OR,1231.0
2022-11,PA,5283.0
2022-11,PR,533.0
2022-11,RI,306.0
2022-11,Region 1,5980.0
2022-11,Region 10,3424.0
2022-11,Region 2,16241.0
2022-11,Region 3,10690.0
2022-11,Region 4,15806.0
2022-11,Region 5,21362.0
2022-11,Region 6,9440.0
2022-11,Region 7,5174.0
2022-11,Region 8,5361.0
2022-11,Region 9,17920.0
2022-11,SC,1039.0
2022-11,SD,392.0
2022-11,TN,1621.0
2022-11,TX,5691.0
2022-11,USA,111398.0
2022-11,UT,1024.0
2022-11,VA,2216.0
2022-11,VI,3.0
2022-11,VT,167.0
2022-11,WA,1508.0
2022-11,WI,2156.0
2022-11,WV,588.0
2022-11,WY,203.0
2022-12,AK,167.0
2022-12,AL,2301.0
2022-12,AR,1368.0
2022-12,AS,0.0
2022-12,AZ,4360.0
2022-12,CA,22098.0
2022-12,CO,2695.0
2022-12,CT,2806.0
2022-12,DC,637.0
2022-12,DE,534.0
2022-12,FL,10074.0
2022-12,GA,4391.0
2022-12,GU,45.0
2022-12,HI,520.0
2022-12,IA,1354.0
2022-12,ID,673.0
2022-12,IL,8280.0
2022-12,IN,3816.0
2022-12,KS,1436.0
2022-12,KY,2072.0
2022-12,LA,1855.0
2022-12,MA,4598.0
2022-12,MD,2889.0
2022-12,ME,385.0
2022-12,MI,4918.0
2022-12,MN,2463.0
2022-12,MO,3801.0
2022-12,MS,1182.0
2022-12,MT,488.0
2022-12,NC,4389.0
2022-12,ND,303.0
2022-12,NE,975.0
2022-12,NH,573.0
2022-12,NJ,6568.0
2022-12,NM,811.0
2022-12,NV,1372.0
2022-12,NY,14864.0
2022-12,OH,7870.0
2022-12,OK,1801.0
2022-12,OR,1551.0
2022-12,PA,6372.0
2022-12,PR,774.0
2022-12,RI,447.0
2022-12,Region 1,9024.0
2022-12,Region 10,4384.0
2022-12,Region 2,22216.0
2022-12,Region 3,15382.0
2022-12,Region 4,29620.0
2022-12,Region 5,30091.0
2022-12,Region 6,17981.0
2022-12,Region 7,7566.0
2022-12,Region 8,5241.0
2022-12,Region 9,28395.0
2022-12,SC,2311.0
2022-12,SD,351.0
2022-12,TN,2900.0
2022-12,TX,12146.0
2022-12,USA,169900.0
2022-12,UT,1248.0
2022-12,VA,3906.0
2022-12,VI,10.0
2022-12,VT,215.0
2022-12,WA,1993.0
2022-12,WI,2744.0
2022-12,WV,1044.0
2022-12,WY,156.0
2023-01,AK,186.0
2023-01,AL,2498.0
2023-01,AR,1407.0
2023-01,AS,0.0
2023-01,AZ,2233.0
2023-01,CA,15869.0
2023-01,CO,1421.0
2023-01,CT,2994.0
2023-01,DC,661.0
2023-01,DE,589.0
2023-01,FL,12900.0
2023-01,GA,5102.0
2023-01,GU,47.0
2023-01,HI,527.0
2023-01,IA,979.0
2023-01,ID,449.0
2023-01,IL,6071.0
2023-01,IN,2488.0
2023-01,KS,947.0
2023-01,KY,1992.0
2023-01,LA,2471.0
2023-01,MA,4902.0
2023-01,MD,2884.0
2023-01,ME,402.0
2023-01,MI,3561.0
2023-01,MN,1910.0
2023-01,MO,2837.0
2023-01,MS,1382.0
2023-01,MT,346.0
2023-01,NC,5290.0
2023-01,ND,230.0
2023-01,NE,573.0
2023-01,NH,557.0
2023-01,NJ,6565.0
2023-01,NM,485.0
2023-01,NV,907.0
2023-01,NY,13021.0
2023-01,OH,5351.0
2023-01,OK,1787.0
2023-01,OR,1147.0
2023-01,PA,6089.0
2023-01,PR,740.0
2023-01,RI,517.0
2023-01,Region 1,9560.0
2023-01,Region 10,3639.0
2023-01,Region 2,20354.0
2023-01,Region 3,15531.0
2023-01,Region 4,34508.0
2023-01,Region 5,21659.0
2023-01,Region 6,19693.0
2023-01,Region 7,5336.0
2023-01,Region 8,3127.0
2023-01,Region 9,19583.0
2023-01,SC,2608.0
2023-01,SD,265.0
2023-01,TN,2736.0
2023-01,TX,13543.0
2023-01,USA,152990.0
2023-01,UT,765.0
2023-01,VA,4202.0
2023-01,VI,28.0
2023-01,VT,188.0
2023-01,WA,1857.0
2023-01,WI,2278.0
2023-01,WV,1106.0
2023-01,WY,100.0
2023-02,AK,169.0
2023-02,AL,1769.0
2023-02,AR,686.0
2023-02,AS,0.0
2023-02,AZ,1558.0
2023-02,CA,11964.0
2023-02,CO,1287.0
2023-02,CT,1615.0
2023-02,DC,337.0
2023-02,DE,400.0
2023-02,FL,7460.0
2023-02,GA,3212.0
2023-02,GU,19.0
2023-02,HI,389.0
2023-02,IA,736.0
2023-02,ID,423.0
2023-02,IL,4147.0
2023-02,IN,1745.0
2023-02,KS,895.0
2023-02,KY,1601.0
2023-02,LA,1649.0
2023-02,MA,2765.0
2023-02,MD,1602.0
2023-02,ME,454.0
2023-02,MI,2607.0
2023-02,MN,1493.0
2023-02,MO,1944.0
2023-02,MS,686.0
2023-02,MT,443.0
2023-02,NC,2972.0
2023-02,ND,283.0
2023-02,NE,515.0
2023-02,NH,355.0
2023-02,NJ,3872.0
2023-02,NM,353.0
2023-02,NV,603.0
2023-02,NY,7521.0
2023-02,OH,3865.0
2023-02,OK,1206.0
2023-02,OR,949.0
2023-02,PA,4686.0
2023-02,PR,385.0
2023-02,RI,325.0
2023-02,Region 1,5685.0
2023-02,Region 10,3120.0
2023-02,Region 2,11791.0
2023-02,Region 3,10112.0
2023-02,Region 4,20913.0
2023-02,Region 5,15796.0
2023-02,Region 6,11846.0
2023-02,Region 7,4090.0
2023-02,Region 8,3116.0
2023-02,Region 9,14533.0
2023-02,SC,1244.0
2023-02,SD,372.0
2023-02,TN,1969.0
2023-02,TX,7952.0
2023-02,USA,101002.0
2023-02,UT,631.0
2023-02,VA,2282.0
2023-02,VI,13.0
2023-02,VT,171.0
2023-02,WA,1579.0
2023-02,WI,1939.0
2023-02,WV,805.0
2023-02,WY,100.0
2023-03,AK,164.0
2023-03,AL,1084.0
2023-03,AR,548.0
2023-03,AS,0.0
2023-03,AZ,1721.0
2023-03,CA,10192.0
2023-03,CO,1344.0
2023-03,CT,995.0
2023-03,DC,225.0
2023-03,DE,302.0
2023-03,FL,5982.0
2023-03,GA,1877.0
2023-03,GU,7.0
2023-03,HI,464.0
2023-03,IA,1008.0
2023-03,ID,468.0
2023-03,IL,4289.0
2023-03,IN,1505.0
2023-03,KS,842.0
2023-03,KY,1005.0
2023-03,LA,1010.0
2023-03,MA,2053.0
2023-03,MD,1027.0
2023-03,ME,453.0
2023-03,MI,3007.0
2023-03,MN,1303.0
2023-03,MO,1913.0
2023-03,MS,358.0
2023-03,MT,425.0
2023-03,NC,1899.0
2023-03,ND,210.0
2023-03,NE,693.0
2023-03,NH,282.0
2023-03,NJ,2196.0
2023-03,NM,468.0
2023-03,NV,651.0
2023-03,NY,5103.0
2023-03,OH,4131.0
2023-03,OK,1020.0
2023-03,OR,929.0
2023-03,PA,3502.0
2023-03,PR,285.0
2023-03,RI,193.0
2023-03,Region 1,4110.0
2023-03,Region 10,3055.0
2023-03,Region 2,7593.0
2023-03,Region 3,7041.0
2023-03,Region 4,14242.0
2023-03,Region 5,15964.0
2023-03,Region 6,9504.0
2023-03,Region 7,4456.0
2023-03,Region 8,3077.0
2023-03,Region 9,13035.0
2023-03,SC,762.0
2023-03,SD,308.0
2023-03,TN,1275.0
2023-03,TX,6458.0
2023-03,USA,82077.0
2023-03,UT,703.0
2023-03,VA,1372.0
2023-03,VI,9.0
2023-03,VT,134.0
2023-03,WA,1494.0
2023-03,WI,1729.0
2023-03,WV,613.0
2023-03,WY,87.0
2023-04,AK,116.0
2023-04,AL,796.0
2023-04,AR,424.0
2023-04,AS,0.0
2023-04,AZ,1387.0
2023-04,CA,7137.0
2023-04,CO,904.0
2023-04,CT,595.0
2023-04,DC,125.0
2023-04,DE,197.0
2023-04,FL,4441.0
2023-04,GA,1129.0
2023-04,GU,24.0
2023-04,HI,469.0
2023-04,IA,587.0
2023-04,ID,310.0
2023-04,IL,2659.0
2023-04,IN,918.0
2023-04,KS,417.0
2023-04,KY,700.0
2023-04,LA,636.0
2023-04,MA,1251.0
2023-04,MD,543.0
2023-04,ME,218.0
2023-04,MI,2023.0
2023-04,MN,798.0
2023-04,MO,1203.0
2023-04,MS,325.0
2023-04,MT,215.0
2023-04,NC,984.0
2023-04,ND,136.0
2023-04,NE,316.0
2023-04,NH,211.0
2023-04,NJ,1040.0
2023-04,NM,468.0
2023-04,NV,458.0
2023-04,NY,3072.0
2023-04,OH,2459.0
2023-04,OK,607.0
2023-04,OR,575.0
2023-04,PA,1693.0
2023-04,PR,245.0
2023-04,RI,116.0
2023-04,Region 1,2460.0
2023-04,Region 10,1973.0
2023-04,Region 2,4363.0
2023-04,Region 3,3598.0
2023-04,Region 4,9752.0
2023-04,Region 5,10200.0
2023-04,Region 6,7048.0
2023-04,Region 7,2523.0
2023-04,Region 8,1934.0
2023-04,Region 9,9475.0
2023-04,SC,518.0
2023-04,SD,160.0
2023-04,TN,859.0
2023-04,TX,4913.0
2023-04,USA,53326.0
2023-04,UT,468.0
2023-04,VA,739.0
2023-04,VI,6.0
2023-04,VT,69.0
2023-04,WA,972.0
2023-04,WI,1343.0
2023-04,WV,301.0
2023-04,WY,51.0
2023-05,AK,92.0
2023-05,AL,652.0
2023-05,AR,422.0
2023-05,AS,0.0
2023-05,AZ,1034.0
2023-05,CA,5928.0
2023-05,CO,622.0
2023-05,CT,397.0
2023-05,DC,82.0
2023-05,DE,76.0
2023-05,FL,3679.0
2023-05,GA,925.0
2023-05,GU,40.0
2023-05,HI,428.0
2023-05,IA,235.0
2023-05,ID,162.0
2023-05,IL,1602.0
2023-05,IN,610.0
2023-05,KS,240.0
2023-05,KY,472.0
2023-05,LA,481.0
2023-05,MA,960.0
2023-05,MD,389.0
2023-05,ME,128.0
2023-05,MI,1241.0
2023-05,MN,476.0
2023-05,MO,687.0
2023-05,MS,213.0
2023-05,MT,117.0
2023-05,NC,738.0
2023-05,ND,90.0
2023-05,NE,133.0
2023-05,NH,161.0
2023-05,NJ,707.0
2023-05,NM,285.0
2023-05,NV,380.0
2023-05,NY,2450.0
2023-05,OH,1519.0
2023-05,OK,330.0
2023-05,OR,396.0
2023-05,PA,1156.0
2023-05,PR,443.0
2023-05,RI,82.0
2023-05,Region 1,1776.0
2023-05,Region 10,1409.0
2023-05,Region 2,3614.0
2023-05,Region 3,2387.0
2023-05,Region 4,7661.0
2023-05,Region 5,6158.0
2023-05,Region 6,4774.0
2023-05,Region 7,1295.0
2023-05,Region 8,1347.0
2023-05,Region 9,7810.0
2023-05,SC,391.0
2023-05,SD,123.0
2023-05,TN,591.0
2023-05,TX,3256.0
2023-05,USA,38231.0
2023-05,UT,334.0
2023-05,VA,511.0
2023-05,VI,14.0
2023-05,VT,48.0
2023-05,WA,759.0
2023-05,WI,710.0
2023-05,WV,173.0
2023-05,WY,61.0
2023-06,AK,110.0
2023-06,AL,503.0
2023-06,AR,251.0
2023-06,AS,0.0
2023-06,AZ,738.0
2023-06,CA,5187.0
2023-06,CO,389.0
2023-06,CT,351.0
2023-06,DC,71.0
2023-06,DE,67.0
2023-06,FL,3750.0
2023-06,GA,765.0
2023-06,GU,26.0
2023-06,HI,400.0
2023-06,IA,130.0
2023-06,ID,120.0
2023-06,IL,916.0
2023-06,IN,269.0
2023-06,KS,140.0
2023-06,KY,226.0
2023-06,LA,392.0
2023-06,MA,764.0
2023-06,MD,298.0
2023-06,ME,73.0
2023-06,MI,673.0
2023-06,MN,191.0
2023-06,MO,378.0
2023-06,MS,144.0
2023-06,MT,75.0
2023-06,NC,585.0
2023-06,ND,48.0
2023-06,NE,91.0
2023-06,NH,116.0
2023-06,NJ,635.0
2023-06,NM,134.0
2023-06,NV,374.0
2023-06,NY,1931.0
2023-06,OH,694.0
2023-06,OK,189.0
2023-06,OR,301.0
2023-06,PA,861.0
2023-06,PR,663.0
2023-06,RI,77.0
2023-06,Region 1,1436.0
2023-06,Region 10,1116.0
2023-06,Region 2,3239.0
2023-06,Region 3,1876.0
2023-06,Region 4,6637.0
2023-06,Region 5,3131.0
2023-06,Region 6,3095.0
2023-06,Region 7,739.0
2023-06,Region 8,872.0
2023-06,Region 9,6725.0
2023-06,SC,330.0
2023-06,SD,58.0
2023-06,TN,334.0
2023-06,TX,2129.0
2023-06,USA,28866.0
2023-06,UT,248.0
2023-06,VA,468.0
2023-06,VI,10.0
2023-06,VT,55.0
2023-06,WA,585.0
2023-06,WI,388.0
2023-06,WV,111.0
2023-06,WY,54.0
2023-07,AK,106.0
2023-07,AL,700.0
2023-07,AR,219.0
2023-07,AS,0.0
2023-07,AZ,702.0
2023-07,CA,5720.0
2023-07,CO,355.0
2023-07,CT,393.0
2023-07,DC,96.0
2023-07,DE,84.0
2023-07,FL,5410.0
2023-07,GA,1094.0
2023-07,GU,26.0
2023-07,HI,523.0
2023-07,IA,147.0
2023-07,ID,114.0
2023-07,IL,894.0
2023-07,IN,364.0
2023-07,KS,148.0
2023-07,KY,288.0
2023-07,LA,645.0
2023-07,MA,727.0
2023-07,MD,426.0
2023-07,ME,82.0
2023-07,MI,472.0
2023-07,MN,258.0
2023-07,MO,464.0
2023-07,MS,230.0
2023-07,MT,96.0
2023-07,NC,809.0
2023-07,ND,53.0
2023-07,NE,104.0
2023-07,NH,161.0
2023-07,NJ,704.0
2023-07,NM,122.0
2023-07,NV,330.0
2023-07,NY,2184.0
2023-07,OH,707.0
2023-07,OK,197.0
2023-07,OR,387.0
2023-07,PA,1009.0
2023-07,PR,709.0
2023-07,RI,61.0
2023-07,Region 1,1459.0
2023-07,Region 10,1218.0
2023-07,Region 2,3602.0
2023-07,Region 3,2308.0
2023-07,Region 4,9462.0
2023-07,Region 5,3008.0
2023-07,Region 6,4188.0
2023-07,Region 7,863.0
2023-07,Region 8,805.0
2023-07,Region 9,7301.0
2023-07,SC,425.0
2023-07,SD,51.0
2023-07,TN,506.0
2023-07,TX,3005.0
2023-07,USA,34214.0
2023-07,UT,209.0
2023-07,VA,572.0
2023-07,VI,5.0
2023-07,VT,35.0
2023-07,WA,611.0
2023-07,WI,313.0
2023-07,WV,121.0
2023-07,WY,41.0
2023-08,AK,110.0
2023-08,AL,1609.0
2023-08,AR,702.0
2023-08,AS,0.0
2023-08,AZ,928.0
2023-08,CA,9981.0
2023-08,CO,731.0
2023-08,CT,757.0
2023-08,DC,203.0
2023-08,DE,131.0
2023-08,FL,9689.0
2023-08,GA,2746.0
2023-08,GU,25.0
2023-08,HI,595.0
2023-08,IA,441.0
2023-08,ID,243.0
2023-08,IL,2016.0
2023-08,IN,907.0
2023-08,KS,324.0
2023-08,KY,866.0
2023-08,LA,1274.0
2023-08,MA,1505.0
2023-08,MD,847.0
2023-08,ME,116.0
2023-08,MI,1108.0
2023-08,MN,578.0
2023-08,MO,1055.0
2023-08,MS,664.0
2023-08,MT,189.0
2023-08,NC,1723.0
2023-08,ND,75.0
2023-08,NE,177.0
2023-08,NH,213.0
2023-08,NJ,1324.0
2023-08,NM,185.0
2023-08,NV,514.0
2023-08,NY,4483.0
2023-08,OH,1500.0
2023-08,OK,513.0
2023-08,OR,679.0
2023-08,PA,1844.0
2023-08,PR,639.0
2023-08,RI,125.0
2023-08,Region 1,2821.0
2023-08,Region 10,2069.0
2023-08,Region 2,6456.0
2023-08,Region 3,4659.0
2023-08,Region 4,19873.0
2023-08,Region 5,6829.0
2023-08,Region 6,8676.0
2023-08,Region 7,1997.0
2023-08,Region 8,1518.0
2023-08,Region 9,12043.0
2023-08,SC,1219.0
2023-08,SD,108.0
2023-08,TN,1357.0
2023-08,TX,6002.0
2023-08,USA,66941.0
2023-08,UT,340.0
2023-08,VA,1286.0
2023-08,VI,10.0
2023-08,VT,105.0
2023-08,WA,1037.0
2023-08,WI,720.0
2023-08,WV,348.0
2023-08,WY,75.0
2023-09,AK,128.0
2023-09,AL,1602.0
2023-09,AR,1000.0
2023-09,AS,0.0
2023-09,AZ,1212.0
2023-09,CA,10904.0
2023-09,CO,1232.0
2023-09,CT,1016.0
2023-09,DC,291.0
2023-09,DE,227.0
2023-09,FL,8162.0
2023-09,GA,2348.0
2023-09,GU,10.0
2023-09,HI,474.0
2023-09,IA,627.0
2023-09,ID,404.0
2023-09,IL,2790.0
2023-09,IN,1305.0
2023-09,KS,543.0
2023-09,KY,1277.0
2023-09,LA,1159.0
2023-09,MA,2013.0
2023-09,MD,1299.0
2023-09,ME,199.0
2023-09,MI,2116.0
2023-09,MN,948.0
2023-09,MO,1806.0
2023-09,MS,563.0
2023-09,MT,401.0
2023-09,NC,2526.0
2023-09,ND,134.0
2023-09,NE,322.0
2023-09,NH,316.0
2023-09,NJ,2145.0
2023-09,NM,278.0
2023-09,NV,731.0
2023-09,NY,6617.0
2023-09,OH,2585.0
2023-09,OK,859.0
2023-09,OR,1090.0
2023-09,PA,2824.0
2023-09,PR,410.0
2023-09,RI,238.0
2023-09,Region 1,3927.0
2023-09,Region 10,3098.0
2023-09,Region 2,9174.0
2023-09,Region 3,7259.0
2023-09,Region 4,19482.0
2023-09,Region 5,10899.0
2023-09,Region 6,10690.0
2023-09,Region 7,3298.0
2023-09,Region 8,2712.0
2023-09,Region 9,13331.0
2023-09,SC,1426.0
2023-09,SD,242.0
2023-09,TN,1578.0
2023-09,TX,7394.0
2023-09,USA,83870.0
2023-09,UT,587.0
2023-09,VA,1944.0
2023-09,VI,2.0
2023-09,VT,145.0
2023-09,WA,1476.0
2023-09,WI,1155.0
2023-09,WV,674.0
2023-09,WY,116.0
2023-10,AK,96.0
2023-10,AL,976.0
2023-10,AR,568.0
2023-10,AS,0.0
2023-10,AZ,1728.0
2023-10,CA,7763.0
2023-10,CO,1830.0
2023-10,CT,975.0
2023-10,DC,223.0
2023-10,DE,223.0
2023-10,FL,4310.0
2023-10,GA,1588.0
2023-10,GU,8.0
2023-10,HI,470.0
2023-10,IA,616.0
2023-10,ID,489.0
2023-10,IL,2519.0
2023-10,IN,1239.0
2023-10,KS,745.0
2023-10,KY,1117.0
2023-10,LA,662.0
2023-10,MA,2083.0
2023-10,MD,1236.0
2023-10,ME,249.0
2023-10,MI,2163.0
2023-10,MN,1166.0
2023-10,MO,1428.0
2023-10,MS,319.0
2023-10,MT,370.0
2023-10,NC,2028.0
2023-10,ND,219.0
2023-10,NE,398.0
2023-10,NH,367.0
2023-10,NJ,2453.0
2023-10,NM,540.0
2023-10,NV,740.0
2023-10,NY,6123.0
2023-10,OH,2732.0
2023-10,OK,729.0
2023-10,OR,1093.0
2023-10,PA,3076.0
2023-10,PR,315.0
2023-10,RI,260.0
2023-10,Region 1,4078.0
2023-10,Region 10,3045.0
2023-10,Region 2,8892.0
2023-10,Region 3,7348.0
2023-10,Region 4,12447.0
2023-10,Region 5,11328.0
2023-10,Region 6,7452.0
2023-10,Region 7,3187.0
2023-10,Region 8,3442.0
2023-10,Region 9,10709.0
2023-10,SC,1007.0
2023-10,SD,273.0
2023-10,TN,1102.0
2023-10,TX,4953.0
2023-10,USA,71928.0
2023-10,UT,612.0
2023-10,VA,1923.0
2023-10,VI,1.0
2023-10,VT,144.0
2023-10,WA,1367.0
2023-10,WI,1509.0
2023-10,WV,667.0
2023-10,WY,138.0
2023-11,AK,92.0
2023-11,AL,1005.0
2023-11,AR,680.0
2023-11,AS,1.0
2023-11,AZ,2175.0
2023-11,CA,8552.0
2023-11,CO,2051.0
2023-11,CT,1083.0
2023-11,DC,173.0
2023-11,DE,236.0
2023-11,FL,3232.0
2023-11,GA,1585.0
2023-11,GU,11.0
2023-11,HI,365.0
2023-11,IA,856.0
2023-11,ID,473.0
2023-11,IL,3927.0
2023-11,IN,1840.0
2023-11,KS,911.0
2023-11,KY,1632.0
2023-11,LA,662.0
2023-11,MA,1949.0
2023-11,MD,1312.0
2023-11,ME,275.0
2023-11,MI,2990.0
2023-11,MN,1491.0
2023-11,MO,2036.0
2023-11,MS,389.0
2023-11,MT,382.0
2023-11,NC,1733.0
2023-11,ND,297.0
2023-11,NE,670.0
2023-11,NH,294.0
2023-11,NJ,2012.0
2023-11,NM,777.0
2023-11,NV,734.0
2023-11,NY,5103.0
2023-11,OH,3897.0
2023-11,OK,973.0
2023-11,OR,830.0
2023-11,PA,3628.0
2023-11,PR,369.0
2023-11,RI,195.0
2023-11,Region 1,3972.0
2023-11,Region 10,2471.0
2023-11,Region 2,7485.0
2023-11,Region 3,8346.0
2023-11,Region 4,12002.0
2023-11,Region 5,16135.0
2023-11,Region 6,7885.0
2023-11,Region 7,4473.0
2023-11,Region 8,4028.0
2023-11,Region 9,11838.0
2023-11,SC,994.0
2023-11,SD,377.0
2023-11,TN,1432.0
2023-11,TX,4793.0
2023-11,USA,78635.0
2023-11,UT,755.0
2023-11,VA,2026.0
2023-11,VI,1.0
2023-11,VT,176.0
2023-11,WA,1076.0
2023-11,WI,1990.0
2023-11,WV,971.0
2023-11,WY,166.0
2023-12,AK,106.0
2023-12,AL,1826.0
2023-12,AR,1185.0
2023-12,AS,0.0
2023-12,AZ,2342.0
2023-12,CA,13797.0
2023-12,CO,1977.0
2023-12,CT,1661.0
2023-12,DC,269.0
2023-12,DE,373.0
2023-12,FL,5763.0
2023-12,GA,2833.0
2023-12,GU,13.0
2023-12,HI,368.0
2023-12,IA,1705.0
2023-12,ID,747.0
2023-12,IL,6501.0
2023-12,IN,3442.0
2023-12,KS,1294.0
2023-12,KY,2248.0
2023-12,LA,1185.0
2023-12,MA,3451.0
2023-12,MD,2093.0
2023-12,ME,486.0
2023-12,MI,4851.0
2023-12,MN,2273.0
2023-12,MO,3219.0
2023-12,MS,657.0
2023-12,MT,451.0
2023-12,NC,2911.0
2023-12,ND,388.0
2023-12,NE,986.0
2023-12,NH,508.0
2023-12,NJ,4152.0
2023-12,NM,545.0
2023-12,NV,1017.0
2023-12,NY,9690.0
2023-12,OH,6302.0
2023-12,OK,1760.0
2023-12,OR,987.0
2023-12,PA,5570.0
2023-12,PR,370.0
2023-12,RI,363.0
2023-12,Region 1,6687.0
2023-12,Region 10,3203.0
2023-12,Region 2,14216.0
2023-12,Region 3,12968.0
2023-12,Region 4,20132.0
2023-12,Region 5,26077.0
2023-12,Region 6,11778.0
2023-12,Region 7,7204.0
2023-12,Region 8,4505.0
2023-12,Region 9,17537.0
2023-12,SC,1562.0
2023-12,SD,535.0
2023-12,TN,2332.0
2023-12,TX,7103.0
2023-12,USA,124307.0
2023-12,UT,975.0
2023-12,VA,3377.0
2023-12,VI,4.0
2023-12,VT,218.0
2023-12,WA,1363.0
2023-12,WI,2708.0
2023-12,WV,1286.0
2023-12,WY,179.0
2024-01,AK,179.0
2024-01,AL,1895.0
2024-01,AR,1211.0
2024-01,AS,0.0
2024-01,AZ,2233.0
2024-01,CA,13470.0
2024-01,CO,1602.0
2024-01,CT,1717.0
2024-01,DC,348.0
2024-01,DE,375.0
2024-01,FL,9097.0
2024-01,GA,3950.0
2024-01,GU,44.0
2024-01,HI,489.0
2024-01,IA,1069.0
2024-01,ID,593.0
2024-01,IL,4736.0
2024-01,IN,2446.0
2024-01,KS,839.0
2024-01,KY,1754.0
2024-01,LA,1588.0
2024-01,MA,3424.0
2024-01,MD,2045.0
2024-01,ME,399.0
2024-01,MI,3866.0
2024-01,MN,1754.0
2024-01,MO,2711.0
2024-01,MS,779.0
2024-01,MT,353.0
2024-01,NC,3350.0
2024-01,ND,238.0
2024-01,NE,605.0
2024-01,NH,496.0
2024-01,NJ,4988.0
2024-01,NM,305.0
2024-01,NV,903.0
2024-01,NY,11005.0
2024-01,OH,4664.0
2024-01,OK,1324.0
2024-01,OR,1083.0
2024-01,PA,5256.0
2024-01,PR,821.0
2024-01,RI,458.0
2024-01,Region 1,6711.0
2024-01,Region 10,3543.0
2024-01,Region 2,16816.0
2024-01,Region 3,12389.0
2024-01,Region 4,24987.0
2024-01,Region 5,19520.0
2024-01,Region 6,13143.0
2024-01,Region 7,5224.0
2024-01,Region 8,3491.0
2024-01,Region 9,17139.0
2024-01,SC,2020.0
2024-01,SD,381.0
2024-01,TN,2142.0
2024-01,TX,8715.0
2024-01,USA,122963.0
2024-01,UT,802.0
2024-01,VA,3390.0
2024-01,VI,2.0
2024-01,VT,217.0
2024-01,WA,1688.0
2024-01,WI,2054.0
2024-01,WV,975.0
2024-01,WY,115.0
2024-02,AK,169.0
2024-02,AL,1611.0
2024-02,AR,810.0
2024-02,AS,0.0
2024-02,AZ,1297.0
2024-02,CA,7545.0
2024-02,CO,844.0
2024-02,CT,921.0
2024-02,DC,244.0
2024-02,DE,291.0
2024-02,FL,7002.0
2024-02,GA,3326.0
2024-02,GU,16.0
2024-02,HI,416.0
2024-02,IA,459.0
2024-02,ID,304.0
2024-02,IL,2842.0
2024-02,IN,1286.0
2024-02,KS,517.0
2024-02,KY,1135.0
2024-02,LA,1371.0
2024-02,MA,1686.0
2024-02,MD,1111.0
2024-02,ME,251.0
2024-02,MI,2339.0
2024-02,MN,887.0
2024-02,MO,1692.0
2024-02,MS,603.0
2024-02,MT,178.0
2024-02,NC,2839.0
2024-02,ND,164.0
2024-02,NE,454.0
2024-02,NH,265.0
2024-02,NJ,2618.0
2024-02,NM,272.0
2024-02,NV,501.0
2024-02,NY,5358.0
2024-02,OH,2544.0
2024-02,OK,940.0
2024-02,OR,701.0
2024-02,PA,3016.0
2024-02,PR,554.0
2024-02,RI,194.0
2024-02,Region 1,3430.0
2024-02,Region 10,2393.0
2024-02,Region 2,8531.0
2024-02,Region 3,7473.0
2024-02,Region 4,19757.0
2024-02,Region 5,11152.0
2024-02,Region 6,10409.0
2024-02,Region 7,3122.0
2024-02,Region 8,1901.0
2024-02,Region 9,9775.0
2024-02,SC,1619.0
2024-02,SD,233.0
2024-02,TN,1622.0
2024-02,TX,7016.0
2024-02,USA,77943.0
2024-02,UT,414.0
2024-02,VA,2378.0
2024-02,VI,1.0
2024-02,VT,113.0
2024-02,WA,1219.0
2024-02,WI,1254.0
2024-02,WV,433.0
2024-02,WY,68.0
2024-03,AK,70.0
2024-03,AL,1061.0
2024-03,AR,561.0
2024-03,AS,0.0
2024-03,AZ,743.0
2024-03,CA,4535.0
2024-03,CO,518.0
2024-03,CT,484.0
2024-03,DC,163.0
2024-03,DE,172.0
2024-03,FL,3912.0
2024-03,GA,1969.0
2024-03,GU,5.0
2024-03,HI,309.0
2024-03,IA,267.0
2024-03,ID,200.0
2024-03,IL,1825.0
2024-03,IN,826.0
2024-03,KS,365.0
2024-03,KY,813.0
2024-03,LA,838.0
2024-03,MA,810.0
2024-03,MD,766.0
2024-03,ME,131.0
2024-03,MI,1634.0
2024-03,MN,579.0
2024-03,MO,1075.0
2024-03,MS,386.0
2024-03,MT,141.0
2024-03,NC,1708.0
2024-03,ND,125.0
2024-03,NE,302.0
2024-03,NH,131.0
2024-03,NJ,1391.0
2024-03,NM,242.0
2024-03,NV,348.0
2024-03,NY,2722.0
2024-03,OH,1478.0
2024-03,OK,710.0
2024-03,OR,495.0
2024-03,PA,1810.0
2024-03,PR,257.0
2024-03,RI,91.0
2024-03,Region 1,1703.0
2024-03,Region 10,1625.0
2024-03,Region 2,4370.0
2024-03,Region 3,4922.0
2024-03,Region 4,12163.0
2024-03,Region 5,7116.0
2024-03,Region 6,6285.0
2024-03,Region 7,2009.0
2024-03,Region 8,1275.0
2024-03,Region 9,5940.0
2024-03,SC,1036.0
2024-03,SD,113.0
2024-03,TN,1278.0
2024-03,TX,3934.0
2024-03,USA,47408.0
2024-03,UT,344.0
2024-03,VA,1655.0
2024-03,VI,0.0
2024-03,VT,56.0
2024-03,WA,860.0
2024-03,WI,774.0
2024-03,WV,356.0
2024-03,WY,34.0
2024-04,AK,17.0
2024-04,AL,513.0
2024-04,AR,222.0
2024-04,AS,0.0
2024-04,AZ,430.0
2024-04,CA,2701.0
2024-04,CO,296.0
2024-04,CT,235.0
2024-04,DC,63.0
2024-04,DE,101.0
2024-04,FL,1773.0
2024-04,GA,749.0
2024-04,GU,8.0
2024-04,HI,201.0
2024-04,IA,132.0
2024-04,ID,122.0
2024-04,IL,943.0
2024-04,IN,379.0
2024-04,KS,162.0
2024-04,KY,349.0
2024-04,LA,328.0
2024-04,MA,539.0
2024-04,MD,335.0
2024-04,ME,70.0
2024-04,MI,752.0
2024-04,MN,290.0
2024-04,MO,476.0
2024-04,MS,150.0
2024-04,MT,57.0
2024-04,NC,786.0
2024-04,ND,70.0
2024-04,NE,111.0
2024-04,NH,84.0
2024-04,NJ,684.0
2024-04,NM,118.0
2024-04,NV,209.0
2024-04,NY,1715.0
2024-04,OH,848.0
2024-04,OK,281.0
2024-04,OR,225.0
2024-04,PA,991.0
2024-04,PR,147.0
2024-04,RI,83.0
2024-04,Region 1,1037.0
2024-04,Region 10,763.0
2024-04,Region 2,2547.0
2024-04,Region 3,2557.0
2024-04,Region 4,5224.0
2024-04,Region 5,3598.0
2024-04,Region 6,3128.0
2024-04,Region 7,881.0
2024-04,Region 8,721.0
2024-04,Region 9,3549.0
2024-04,SC,345.0
2024-04,SD,78.0
2024-04,TN,559.0
2024-04,TX,2179.0
2024-04,USA,24005.0
2024-04,UT,188.0
2024-04,VA,904.0
2024-04,VI,1.0
2024-04,VT,26.0
2024-04,WA,399.0
2024-04,WI,386.0
2024-04,WV,163.0
2024-04,WY,32.0
2020-08,National,395796.0
2020-09,National,313671.0
2020-10,National,486663.0
2020-11,National,928413.0
2020-12,National,1353090.0
2021-01,National,1316109.0
2021-02,National,626967.0
2021-03,National,450708.0
2021-04,National,479799.0
2021-05,National,323226.0
2021-06,National,180687.0
2021-07,National,379338.0
2021-08,National,1038006.0
2021-09,National,910404.0
2021-10,National,565815.0
2021-11,National,517218.0
2021-12,National,846690.0
2022-01,National,1778214.0
2022-02,National,686301.0
2022-03,National,208977.0
2022-04,National,151419.0
2022-05,National,300129.0
2022-06,National,405144.0
2022-07,National,558864.0
2022-08,National,520656.0
2022-09,National,368604.0
2022-10,National,305016.0
2022-11,National,334194.0
2022-12,National,509700.0
2023-01,National,458970.0
2023-02,National,303006.0
2023-03,National,246231.0
2023-04,National,159978.0
2023-05,National,114693.0
2023-06,National,86598.0
2023-07,National,102642.0
2023-08,National,200823.0
2023-09,National,251610.0
2023-10,National,215784.0
2023-11,National,235905.0
2023-12,National,372921.0
2024-01,National,368889.0
2024-02,National,233829.0
2024-03,National,142224.0
2024-04,National,72015.0
