state_code,Wave,Go to work,Go to the gym,Go visit a friend,"Go to a cafe, bar, or restaurant",Go to a doctor or visit a hospital,Go to church or another place of worship,"Take mass transit (e.g. subway, bus, or train)",Avoiding contact with other people,Avoiding public or crowded places,Frequently washing hands,Wearing a face mask when outside of your home,People out of household been in a room with
AK,1,103,103,103,103,103,103,103,103,103,103,103,103
AL,1,465,465,465,465,465,465,465,464,462,464,462,465
AR,1,460,460,460,460,460,460,460,459,456,456,456,458
AZ,1,484,484,484,484,484,484,484,481,477,482,481,484
CA,1,811,811,811,811,811,811,811,809,811,807,809,806
CO,1,470,470,470,470,470,470,470,470,470,470,469,469
CT,1,349,349,349,349,349,349,349,349,348,347,346,348
DC,1,126,126,126,126,126,126,126,126,125,125,126,126
DE,1,336,336,336,336,336,336,336,336,336,334,335,333
FL,1,616,616,616,616,616,616,616,615,615,612,615,614
GA,1,514,514,514,514,514,514,514,514,513,512,510,514
HI,1,278,278,278,278,278,278,278,276,276,276,275,278
IA,1,468,468,468,468,468,468,468,466,460,462,463,468
ID,1,349,349,349,349,349,349,349,347,348,345,346,349
IL,1,518,518,518,518,518,518,518,516,516,515,516,517
IN,1,491,491,491,491,491,491,491,489,489,489,489,491
KS,1,475,475,475,475,475,475,475,473,470,470,471,475
KY,1,458,458,458,458,458,458,458,454,454,455,458,458
LA,1,468,468,468,468,468,468,468,467,468,466,465,467
MA,1,488,488,488,488,488,488,488,487,486,487,485,487
MD,1,404,404,404,404,404,404,404,403,402,400,403,402
ME,1,341,341,341,341,341,341,341,341,340,340,339,340
MI,1,525,525,525,525,525,525,525,521,522,523,523,524
MN,1,475,475,475,475,475,475,475,475,474,473,474,474
MO,1,462,462,462,462,462,462,462,459,462,461,458,461
MS,1,437,437,437,437,437,437,437,436,437,435,429,437
MT,1,231,231,231,231,231,231,231,231,231,229,230,231
NC,1,512,512,512,512,512,512,512,512,511,512,509,511
ND,1,176,176,176,176,176,176,176,176,176,176,176,176
NE,1,362,362,362,362,362,362,362,359,359,359,361,361
NH,1,375,375,375,375,375,375,375,375,372,374,375,375
NJ,1,540,540,540,540,540,540,540,535,539,539,539,537
NM,1,136,136,136,136,136,136,136,135,136,136,136,136
NV,1,473,473,473,473,473,473,473,471,472,472,472,472
NY,1,640,640,640,640,640,640,640,637,637,638,635,639
OH,1,503,503,503,503,503,503,503,500,499,501,503,503
OK,1,459,459,459,459,459,459,459,458,458,457,456,457
OR,1,475,475,475,475,475,475,475,474,474,475,475,474
PA,1,524,524,524,524,524,524,524,523,524,523,520,522
RI,1,314,314,314,314,314,314,314,314,314,313,311,313
SC,1,478,478,478,478,478,478,478,477,477,473,473,478
SD,1,193,193,193,193,193,193,193,193,193,191,193,193
TN,1,472,472,472,472,472,472,472,471,468,469,470,472
TX,1,614,614,614,614,614,614,614,609,609,608,606,613
UT,1,437,437,437,437,437,437,437,436,436,435,435,436
VA,1,524,524,524,524,524,524,524,519,518,520,518,524
VT,1,189,189,189,189,189,189,189,189,187,189,188,189
WA,1,398,398,398,398,398,398,398,398,397,396,397,397
WI,1,474,474,474,474,474,474,474,473,471,471,472,474
WV,1,370,370,370,370,370,370,370,370,369,369,368,370
WY,1,165,165,165,165,165,165,165,165,165,165,165,165
AK,2,173,173,173,173,173,173,173,172,173,173,173,173
AL,2,436,436,436,436,436,436,436,433,435,435,433,435
AR,2,407,407,407,407,407,407,407,406,406,404,404,407
AZ,2,380,380,380,380,380,380,380,378,380,380,376,379
CA,2,976,976,976,976,976,976,976,975,972,970,968,972
CO,2,443,443,443,443,443,443,443,441,442,441,442,443
CT,2,400,400,400,400,400,400,400,400,397,400,397,399
DC,2,208,208,208,208,208,208,208,208,207,208,208,208
DE,2,361,361,361,361,361,361,361,361,359,357,358,360
FL,2,853,853,853,853,853,853,853,849,850,850,844,851
GA,2,620,620,620,620,620,620,620,616,615,618,617,618
HI,2,246,246,246,246,246,246,246,245,244,246,246,246
IA,2,446,446,446,446,446,446,446,446,444,441,444,445
ID,2,398,398,398,398,398,398,398,397,398,397,395,398
IL,2,657,657,657,657,657,657,657,656,654,656,657,654
IN,2,506,506,506,506,506,506,506,506,505,502,506,505
KS,2,518,518,518,518,518,518,518,518,513,517,511,517
KY,2,441,441,441,441,441,441,441,440,439,440,436,440
LA,2,446,446,446,446,446,446,446,445,445,443,438,445
MA,2,544,544,544,544,544,544,544,543,540,541,539,543
MD,2,474,474,474,474,474,474,474,473,473,473,471,470
ME,2,397,397,397,397,397,397,397,397,397,397,396,397
MI,2,624,624,624,624,624,624,624,621,618,620,616,622
MN,2,479,479,479,479,479,479,479,474,476,474,477,478
MO,2,530,530,530,530,530,530,530,525,529,525,527,530
MS,2,425,425,425,425,425,425,425,423,419,423,424,425
MT,2,284,284,284,284,284,284,284,283,284,284,282,282
NC,2,608,608,608,608,608,608,608,603,604,603,600,607
ND,2,237,237,237,237,237,237,237,236,235,237,236,236
NE,2,299,299,299,299,299,299,299,297,298,297,297,299
NH,2,398,398,398,398,398,398,398,397,398,396,397,398
NJ,2,638,638,638,638,638,638,638,636,638,635,635,636
NM,2,237,237,237,237,237,237,237,235,236,237,232,237
NV,2,460,460,460,460,460,460,460,460,458,459,459,457
NY,2,841,841,841,841,841,841,841,840,838,837,835,836
OH,2,621,621,621,621,621,621,621,619,619,621,619,619
OK,2,393,393,393,393,393,393,393,389,389,391,391,393
OR,2,461,461,461,461,461,461,461,457,461,460,461,457
PA,2,651,651,651,651,651,651,651,648,648,648,647,650
RI,2,344,344,344,344,344,344,344,342,341,341,340,342
SC,2,488,488,488,488,488,488,488,482,486,486,486,487
SD,2,258,258,258,258,258,258,258,257,258,257,257,257
TN,2,520,520,520,520,520,520,520,519,517,518,515,520
TX,2,752,752,752,752,752,752,752,752,752,750,747,751
UT,2,355,355,355,355,355,355,355,352,354,351,353,355
VA,2,622,622,622,622,622,622,622,621,622,620,617,620
VT,2,274,274,274,274,274,274,274,274,271,274,274,274
WA,2,527,527,527,527,527,527,527,526,526,527,524,526
WI,2,621,621,621,621,621,621,621,620,618,621,619,620
WV,2,369,369,369,369,369,369,369,368,367,366,364,368
WY,2,168,168,168,168,168,168,168,167,167,167,166,168
AK,3,129,129,129,129,129,129,129,129,129,129,129,128
AL,3,396,396,396,396,396,396,396,394,394,392,391,396
AR,3,333,333,333,333,333,333,333,333,332,332,333,333
AZ,3,526,526,526,526,526,526,526,526,526,523,523,526
CA,3,994,994,994,994,994,994,994,992,989,993,989,994
CO,3,432,432,432,432,432,432,432,431,432,431,427,430
CT,3,263,263,263,263,263,263,263,263,263,263,262,263
DC,3,149,149,149,149,149,149,149,149,149,149,148,149
DE,3,418,418,418,418,418,418,418,417,414,415,410,418
FL,3,699,699,699,699,699,699,699,696,695,694,697,697
GA,3,480,480,480,480,480,480,480,479,478,479,475,479
HI,3,318,318,318,318,318,318,318,318,316,318,317,318
IA,3,264,264,264,264,264,264,264,264,262,261,262,264
ID,3,404,404,404,404,404,404,404,401,400,398,401,403
IL,3,582,582,582,582,582,582,582,580,580,579,577,581
IN,3,417,417,417,417,417,417,417,416,416,415,417,416
KS,3,259,259,259,259,259,259,259,259,259,259,259,259
KY,3,360,360,360,360,360,360,360,360,360,360,358,360
LA,3,410,410,410,410,410,410,410,410,408,409,407,409
MA,3,485,485,485,485,485,485,485,482,482,482,480,484
MD,3,440,440,440,440,440,440,440,439,436,438,434,440
ME,3,412,412,412,412,412,412,412,409,408,409,405,411
MI,3,516,516,516,516,516,516,516,512,511,513,513,514
MN,3,372,372,372,372,372,372,372,371,372,372,369,372
MO,3,496,496,496,496,496,496,496,493,493,492,494,496
MS,3,252,252,252,252,252,252,252,252,251,251,251,251
MT,3,233,233,233,233,233,233,233,232,232,231,232,233
NC,3,558,558,558,558,558,558,558,556,556,556,554,558
ND,3,237,237,237,237,237,237,237,236,236,236,235,236
NE,3,178,178,178,178,178,178,178,178,177,177,176,176
NH,3,378,378,378,378,378,378,378,378,376,376,378,378
NJ,3,591,591,591,591,591,591,591,589,588,590,589,588
NM,3,173,173,173,173,173,173,173,172,173,172,173,172
NV,3,301,301,301,301,301,301,301,299,299,301,301,301
NY,3,736,736,736,736,736,736,736,733,732,732,731,733
OH,3,529,529,529,529,529,529,529,528,528,525,527,528
OK,3,329,329,329,329,329,329,329,327,324,325,327,327
OR,3,452,452,452,452,452,452,452,451,451,452,450,449
PA,3,595,595,595,595,595,595,595,594,590,590,592,593
RI,3,196,196,196,196,196,196,196,192,193,194,194,195
SC,3,394,394,394,394,394,394,394,394,393,390,391,394
SD,3,198,198,198,198,198,198,198,198,198,197,196,198
TN,3,429,429,429,429,429,429,429,429,429,429,428,429
TX,3,723,723,723,723,723,723,723,721,719,720,719,723
UT,3,315,315,315,315,315,315,315,315,312,313,311,315
VA,3,511,511,511,511,511,511,511,509,511,510,507,510
VT,3,182,182,182,182,182,182,182,181,182,182,182,182
WA,3,553,553,553,553,553,553,553,549,549,551,548,553
WI,3,461,461,461,461,461,461,461,459,459,459,459,460
WV,3,218,218,218,218,218,218,218,218,218,217,215,218
WY,3,115,115,115,115,115,115,115,115,115,115,115,115
AK,5,169,169,169,169,169,169,169,169,169,167,168,169
AL,5,416,416,416,416,416,416,416,414,414,413,413,416
AR,5,394,394,394,394,394,394,394,394,393,392,393,394
AZ,5,614,614,614,614,614,614,614,612,611,612,609,614
CA,5,871,871,871,871,871,871,871,871,870,868,865,869
CO,5,496,496,496,496,496,496,496,494,496,496,495,495
CT,5,424,424,424,424,424,424,424,424,423,423,423,422
DC,5,307,307,307,307,307,307,307,306,306,305,304,307
DE,5,356,356,356,356,356,356,356,355,353,355,353,353
FL,5,862,862,862,862,862,862,862,860,855,859,857,858
GA,5,508,508,508,508,508,508,508,506,506,505,505,507
HI,5,498,498,498,498,498,498,498,497,495,496,496,498
IA,5,414,414,414,414,414,414,414,414,413,413,414,413
ID,5,363,363,363,363,363,363,363,363,360,363,362,363
IL,5,555,555,555,555,555,555,555,554,554,551,552,554
IN,5,497,497,497,497,497,497,497,494,494,495,495,495
KS,5,378,378,378,378,378,378,378,378,378,378,378,377
KY,5,441,441,441,441,441,441,441,441,439,436,436,441
LA,5,405,405,405,405,405,405,405,404,402,403,401,405
MA,5,480,480,480,480,480,480,480,476,474,477,475,480
MD,5,470,470,470,470,470,470,470,469,469,468,465,469
ME,5,381,381,381,381,381,381,381,380,380,380,381,380
MI,5,470,470,470,470,470,470,470,469,469,466,468,469
MN,5,498,498,498,498,498,498,498,496,496,495,495,497
MO,5,486,486,486,486,486,486,486,485,484,486,482,484
MS,5,350,350,350,350,350,350,350,349,348,347,347,350
MT,5,296,296,296,296,296,296,296,296,294,292,296,296
NC,5,563,563,563,563,563,563,563,561,563,560,558,562
ND,5,200,200,200,200,200,200,200,199,199,199,199,200
NE,5,385,385,385,385,385,385,385,383,383,385,384,385
NH,5,376,376,376,376,376,376,376,376,375,375,374,376
NJ,5,506,506,506,506,506,506,506,503,505,505,505,504
NM,5,324,324,324,324,324,324,324,324,324,324,324,324
NV,5,395,395,395,395,395,395,395,394,393,393,393,395
NY,5,660,660,660,660,660,660,660,658,657,657,658,657
OH,5,586,586,586,586,586,586,586,584,582,583,582,583
OK,5,368,368,368,368,368,368,368,368,366,366,367,368
OR,5,460,460,460,460,460,460,460,457,456,457,456,459
PA,5,606,606,606,606,606,606,606,603,602,602,598,604
RI,5,330,330,330,330,330,330,330,328,329,329,327,330
SC,5,476,476,476,476,476,476,476,476,473,474,473,476
SD,5,312,312,312,312,312,312,312,311,310,311,311,312
TN,5,487,487,487,487,487,487,487,483,485,486,486,487
TX,5,883,883,883,883,883,883,883,881,882,879,876,880
UT,5,358,358,358,358,358,358,358,358,358,355,357,357
VA,5,571,571,571,571,571,571,571,571,569,570,568,571
VT,5,241,241,241,241,241,241,241,240,239,238,239,241
WA,5,450,450,450,450,450,450,450,449,449,450,445,450
WI,5,487,487,487,487,487,487,487,487,484,482,485,487
WV,5,333,333,333,333,333,333,333,333,333,331,330,333
WY,5,149,149,149,149,149,149,149,149,149,149,149,148
AK,7,129,129,129,129,129,129,129,129,129,129,129,129
AL,7,440,440,440,440,440,440,440,439,440,439,439,440
AR,7,394,394,394,394,394,394,394,393,393,392,390,393
AZ,7,352,352,352,352,352,352,352,352,349,350,350,350
CA,7,558,558,558,558,558,558,558,558,557,556,554,556
CO,7,377,377,377,377,377,377,377,376,376,375,376,377
CT,7,407,407,407,407,407,407,407,406,405,402,404,404
DC,7,283,283,283,283,283,283,283,283,280,280,280,283
DE,7,285,285,285,285,285,285,285,284,283,284,278,284
FL,7,498,498,498,498,498,498,498,496,497,496,498,497
GA,7,442,442,442,442,442,442,442,441,439,438,437,440
HI,7,295,295,295,295,295,295,295,295,295,294,294,294
IA,7,412,412,412,412,412,412,412,410,409,409,407,411
ID,7,358,358,358,358,358,358,358,357,358,358,355,357
IL,7,474,474,474,474,474,474,474,473,472,473,474,474
IN,7,322,322,322,322,322,322,322,321,322,321,322,322
KS,7,368,368,368,368,368,368,368,368,367,367,368,367
KY,7,396,396,396,396,396,396,396,394,392,393,391,393
LA,7,412,412,412,412,412,412,412,411,411,411,412,409
MA,7,382,382,382,382,382,382,382,382,382,381,381,382
MD,7,472,472,472,472,472,472,472,472,470,471,469,469
ME,7,317,317,317,317,317,317,317,314,315,315,316,317
MI,7,372,372,372,372,372,372,372,372,372,369,368,371
MN,7,389,389,389,389,389,389,389,389,389,389,387,389
MO,7,358,358,358,358,358,358,358,357,358,356,355,356
MS,7,389,389,389,389,389,389,389,389,389,389,388,389
MT,7,292,292,292,292,292,292,292,290,289,292,290,292
NC,7,447,447,447,447,447,447,447,446,446,446,445,447
ND,7,215,215,215,215,215,215,215,213,214,214,214,215
NE,7,337,337,337,337,337,337,337,335,335,334,335,335
NH,7,318,318,318,318,318,318,318,317,317,317,316,318
NJ,7,396,396,396,396,396,396,396,395,395,394,394,396
NM,7,353,353,353,353,353,353,353,352,353,353,352,352
NV,7,434,434,434,434,434,434,434,433,433,433,432,434
NY,7,476,476,476,476,476,476,476,474,473,474,473,473
OH,7,486,486,486,486,486,486,486,485,483,481,482,486
OK,7,392,392,392,392,392,392,392,392,391,391,389,392
OR,7,405,405,405,405,405,405,405,403,403,404,400,402
PA,7,479,479,479,479,479,479,479,478,475,478,476,479
RI,7,351,351,351,351,351,351,351,349,345,347,346,348
SC,7,428,428,428,428,428,428,428,428,427,428,427,428
SD,7,271,271,271,271,271,271,271,269,268,268,269,271
TN,7,479,479,479,479,479,479,479,479,479,477,478,479
TX,7,491,491,491,491,491,491,491,488,486,490,488,491
UT,7,456,456,456,456,456,456,456,454,454,454,453,456
VA,7,410,410,410,410,410,410,410,408,409,409,410,409
VT,7,216,216,216,216,216,216,216,214,216,215,215,216
WA,7,456,456,456,456,456,456,456,454,453,451,453,453
WI,7,448,448,448,448,448,448,448,445,446,445,447,446
WV,7,364,364,364,364,364,364,364,363,363,362,363,363
WY,7,156,156,156,156,156,156,156,155,154,156,155,156
AK,9,127,127,127,127,127,127,127,126,127,126,126,127
AL,9,524,524,524,524,524,524,524,523,524,522,523,523
AR,9,391,391,391,391,391,391,391,390,390,390,391,391
AZ,9,467,467,467,467,467,467,467,467,467,467,466,467
CA,9,818,818,818,818,818,818,818,816,814,815,816,816
CO,9,480,480,480,480,480,480,480,480,478,479,477,479
CT,9,416,416,416,416,416,416,416,416,412,416,415,415
DC,9,227,227,227,227,227,227,227,226,226,225,224,227
DE,9,285,285,285,285,285,285,285,285,283,284,282,285
FL,9,595,595,595,595,595,595,595,595,595,592,595,595
GA,9,608,608,608,608,608,608,608,607,608,607,607,606
HI,9,261,261,261,261,261,261,261,261,260,261,259,261
IA,9,257,257,257,257,257,257,257,255,256,256,255,256
ID,9,273,273,273,273,273,273,273,272,273,273,272,272
IL,9,510,510,510,510,510,510,510,510,510,506,508,510
IN,9,467,467,467,467,467,467,467,467,466,467,467,466
KS,9,442,442,442,442,442,442,442,439,441,440,442,442
KY,9,518,518,518,518,518,518,518,515,517,517,518,517
LA,9,446,446,446,446,446,446,446,445,445,445,446,445
MA,9,606,606,606,606,606,606,606,605,603,605,601,604
MD,9,545,545,545,545,545,545,545,545,544,544,544,544
ME,9,286,286,286,286,286,286,286,283,285,286,286,286
MI,9,585,585,585,585,585,585,585,584,582,584,582,584
MN,9,536,536,536,536,536,536,536,535,533,536,535,536
MO,9,512,512,512,512,512,512,512,512,508,510,509,511
MS,9,404,404,404,404,404,404,404,402,401,400,401,404
MT,9,212,212,212,212,212,212,212,211,211,212,212,212
NC,9,517,517,517,517,517,517,517,516,515,517,517,517
ND,9,195,195,195,195,195,195,195,195,194,195,195,194
NE,9,307,307,307,307,307,307,307,304,306,307,304,307
NH,9,205,205,205,205,205,205,205,205,205,205,204,205
NJ,9,523,523,523,523,523,523,523,523,521,520,521,521
NM,9,319,319,319,319,319,319,319,319,319,319,319,319
NV,9,498,498,498,498,498,498,498,497,495,495,497,497
NY,9,629,629,629,629,629,629,629,627,626,625,622,628
OH,9,523,523,523,523,523,523,523,520,519,523,518,523
OK,9,498,498,498,498,498,498,498,496,497,495,497,497
OR,9,478,478,478,478,478,478,478,478,478,478,475,478
PA,9,520,520,520,520,520,520,520,519,520,515,519,520
RI,9,257,257,257,257,257,257,257,255,257,257,255,257
SC,9,457,457,457,457,457,457,457,454,456,454,455,456
SD,9,191,191,191,191,191,191,191,191,191,191,191,191
TN,9,515,515,515,515,515,515,515,515,512,512,514,514
TX,9,647,647,647,647,647,647,647,647,642,643,645,647
UT,9,278,278,278,278,278,278,278,278,278,278,278,278
VA,9,541,541,541,541,541,541,541,539,538,539,539,539
VT,9,137,137,137,137,137,137,137,137,135,136,137,137
WA,9,497,497,497,497,497,497,497,495,496,495,493,497
WI,9,450,450,450,450,450,450,450,449,449,448,449,449
WV,9,372,372,372,372,372,372,372,371,371,371,371,371
WY,9,144,144,144,144,144,144,144,144,143,144,144,144
AK,10,188,188,188,188,188,188,188,188,188,188,187,188
AL,10,457,457,457,457,457,457,457,455,454,456,456,455
AR,10,291,291,291,291,291,291,291,291,290,290,289,291
AZ,10,523,523,523,523,523,523,523,521,521,520,521,522
CA,10,1180,1180,1180,1180,1180,1180,1180,1179,1177,1174,1178,1177
CO,10,420,420,420,420,420,420,420,420,416,419,420,420
CT,10,434,434,434,434,434,434,434,434,431,433,433,434
DC,10,270,270,270,270,270,270,270,269,268,268,270,270
DE,10,322,322,322,322,322,322,322,322,320,321,319,322
FL,10,873,873,873,873,873,873,873,870,868,869,871,869
GA,10,566,566,566,566,566,566,566,564,566,566,564,566
HI,10,348,348,348,348,348,348,348,348,346,347,348,347
IA,10,327,327,327,327,327,327,327,326,326,327,325,326
ID,10,373,373,373,373,373,373,373,373,373,372,373,373
IL,10,620,620,620,620,620,620,620,620,620,618,616,619
IN,10,455,455,455,455,455,455,455,455,453,454,449,455
KS,10,427,427,427,427,427,427,427,427,426,427,426,427
KY,10,349,349,349,349,349,349,349,349,348,348,348,347
LA,10,331,331,331,331,331,331,331,330,329,329,329,330
MA,10,485,485,485,485,485,485,485,485,484,484,483,485
MD,10,521,521,521,521,521,521,521,519,520,519,518,521
ME,10,315,315,315,315,315,315,315,314,314,315,315,315
MI,10,429,429,429,429,429,429,429,425,429,428,428,427
MN,10,365,365,365,365,365,365,365,365,364,364,361,365
MO,10,540,540,540,540,540,540,540,539,536,540,539,540
MS,10,389,389,389,389,389,389,389,387,388,388,385,387
MT,10,280,280,280,280,280,280,280,279,279,280,280,280
NC,10,561,561,561,561,561,561,561,559,558,558,555,560
ND,10,254,254,254,254,254,254,254,254,254,253,253,254
NE,10,323,323,323,323,323,323,323,322,321,322,321,323
NH,10,337,337,337,337,337,337,337,335,337,336,334,336
NJ,10,511,511,511,511,511,511,511,511,508,508,508,509
NM,10,387,387,387,387,387,387,387,385,384,386,385,386
NV,10,334,334,334,334,334,334,334,333,331,333,332,334
NY,10,806,806,806,806,806,806,806,805,800,802,802,805
OH,10,604,604,604,604,604,604,604,601,602,603,601,604
OK,10,377,377,377,377,377,377,377,376,376,376,376,377
OR,10,406,406,406,406,406,406,406,406,405,406,405,406
PA,10,678,678,678,678,678,678,678,678,677,676,676,678
RI,10,318,318,318,318,318,318,318,318,318,318,316,318
SC,10,382,382,382,382,382,382,382,379,380,381,378,382
SD,10,327,327,327,327,327,327,327,327,327,327,326,327
TN,10,558,558,558,558,558,558,558,556,558,556,555,558
TX,10,1119,1119,1119,1119,1119,1119,1119,1118,1116,1117,1114,1117
UT,10,435,435,435,435,435,435,435,434,434,434,431,435
VA,10,523,523,523,523,523,523,523,522,522,520,523,521
VT,10,180,180,180,180,180,180,180,180,180,180,178,180
WA,10,554,554,554,554,554,554,554,554,551,554,554,553
WI,10,483,483,483,483,483,483,483,483,479,483,480,483
WV,10,336,336,336,336,336,336,336,336,335,336,333,334
WY,10,179,179,179,179,179,179,179,178,179,179,179,179
AK,11,63,63,63,63,63,63,63,189,189,189,189,189
AL,11,366,366,366,366,366,366,366,364,361,362,366,366
AR,11,215,215,215,215,215,215,215,214,214,215,214,215
AZ,11,340,340,340,340,340,340,340,337,340,339,340,338
CA,11,727,727,727,727,727,727,727,725,725,721,724,727
CO,11,223,223,223,223,223,223,223,221,222,223,222,223
CT,11,262,262,262,262,262,262,262,262,261,261,262,261
DC,11,89,89,89,89,89,89,89,201,200,200,201,201
DE,11,242,242,242,242,242,242,242,241,241,242,239,242
FL,11,695,695,695,695,695,695,695,694,693,695,695,693
GA,11,410,410,410,410,410,410,410,408,409,409,408,408
HI,11,120,120,120,120,120,120,120,343,343,343,343,343
IA,11,324,324,324,324,324,324,324,322,320,322,322,324
ID,11,289,289,289,289,289,289,289,289,288,287,289,289
IL,11,545,545,545,545,545,545,545,544,544,542,542,545
IN,11,461,461,461,461,461,461,461,461,458,459,461,460
KS,11,308,308,308,308,308,308,308,308,308,308,308,308
KY,11,457,457,457,457,457,457,457,457,456,455,455,457
LA,11,267,267,267,267,267,267,267,266,266,267,266,266
MA,11,341,341,341,341,341,341,341,339,339,335,339,339
MD,11,398,398,398,398,398,398,398,398,398,397,396,398
ME,11,127,127,127,127,127,127,127,238,240,238,239,240
MI,11,449,449,449,449,449,449,449,449,448,449,446,449
MN,11,381,381,381,381,381,381,381,380,377,380,379,381
MO,11,503,503,503,503,503,503,503,502,502,500,502,502
MS,11,437,437,437,437,437,437,437,437,434,436,434,437
MT,11,86,86,86,86,86,86,86,259,259,259,259,260
NC,11,562,562,562,562,562,562,562,562,559,561,560,562
ND,11,61,61,61,61,61,61,61,288,289,285,289,290
NE,11,358,358,358,358,358,358,358,359,358,358,358,359
NH,11,299,299,299,299,299,299,299,298,299,299,299,299
NJ,11,465,465,465,465,465,465,465,465,463,464,462,465
NM,11,283,283,283,283,283,283,283,282,282,281,282,283
NV,11,310,310,310,310,310,310,310,309,309,310,309,310
NY,11,657,657,657,657,657,657,657,657,654,653,656,654
OH,11,603,603,603,603,603,603,603,602,601,600,602,603
OK,11,310,310,310,310,310,310,310,309,308,308,307,310
OR,11,319,319,319,319,319,319,319,319,319,318,318,319
PA,11,791,791,791,791,791,791,791,788,788,789,787,790
RI,11,101,101,101,101,101,101,101,222,223,223,222,223
SC,11,444,444,444,444,444,444,444,442,442,443,442,444
SD,11,125,125,125,125,125,125,125,340,340,340,340,341
TN,11,479,479,479,479,479,479,479,479,475,478,477,478
TX,11,622,622,622,622,622,622,622,620,622,618,621,622
UT,11,183,183,183,183,183,183,183,182,183,183,182,183
VA,11,399,399,399,399,399,399,399,398,399,397,397,399
VT,11,59,59,59,59,59,59,59,240,239,240,241,242
WA,11,466,466,466,466,466,466,466,465,465,466,463,464
WI,11,435,435,435,435,435,435,435,434,434,433,435,435
WV,11,396,396,396,396,396,396,396,414,414,414,412,415
WY,11,55,55,55,55,55,55,55,200,200,200,200,200
AK,12,72,72,72,72,72,72,72,232,231,232,231,232
AL,12,243,243,243,243,243,243,243,242,243,242,243,243
AR,12,320,320,320,320,320,320,320,319,318,319,318,319
AZ,12,266,266,266,266,266,266,266,266,266,265,265,266
CA,12,381,381,381,381,381,381,381,381,381,380,381,380
CO,12,340,340,340,340,340,340,340,340,340,339,338,339
CT,12,281,281,281,281,281,281,281,280,278,278,280,281
DC,12,75,75,75,75,75,75,75,281,279,282,282,282
DE,12,239,239,239,239,239,239,239,238,239,238,239,239
FL,12,313,313,313,313,313,313,313,313,313,311,311,313
GA,12,249,249,249,249,249,249,249,249,249,249,247,248
HI,12,120,120,120,120,120,120,120,367,367,366,366,367
IA,12,338,338,338,338,338,338,338,337,336,337,338,336
ID,12,245,245,245,245,245,245,245,264,264,263,263,264
IL,12,281,281,281,281,281,281,281,279,281,280,279,281
IN,12,232,232,232,232,232,232,232,232,232,232,231,231
KS,12,212,212,212,212,212,212,212,212,211,212,211,212
KY,12,323,323,323,323,323,323,323,320,321,319,320,323
LA,12,296,296,296,296,296,296,296,343,343,343,342,343
MA,12,291,291,291,291,291,291,291,290,290,291,291,290
MD,12,258,258,258,258,258,258,258,258,258,258,258,257
ME,12,168,168,168,168,168,168,168,457,452,456,455,457
MI,12,320,320,320,320,320,320,320,320,319,318,319,319
MN,12,343,343,343,343,343,343,343,412,410,408,411,413
MO,12,285,285,285,285,285,285,285,285,285,284,284,285
MS,12,312,312,312,312,312,312,312,312,311,311,311,312
MT,12,143,143,143,143,143,143,143,341,342,342,342,341
NC,12,289,289,289,289,289,289,289,289,288,287,289,289
ND,12,47,47,47,47,47,47,47,242,240,241,242,242
NE,12,267,267,267,267,267,267,267,285,285,284,285,285
NH,12,233,233,233,233,233,233,233,241,240,240,239,241
NJ,12,255,255,255,255,255,255,255,254,255,255,253,255
NM,12,268,268,268,268,268,268,268,283,284,283,284,283
NV,12,330,330,330,330,330,330,330,356,356,356,353,356
NY,12,340,340,340,340,340,340,340,339,340,338,338,338
OH,12,298,298,298,298,298,298,298,296,297,295,295,298
OK,12,295,295,295,295,295,295,295,346,344,345,345,345
OR,12,292,292,292,292,292,292,292,292,291,291,292,292
PA,12,291,291,291,291,291,291,291,291,291,291,290,289
RI,12,93,93,93,93,93,93,93,298,296,298,297,297
SC,12,369,369,369,369,369,369,369,368,368,368,366,369
SD,12,89,89,89,89,89,89,89,268,268,268,267,268
TN,12,236,236,236,236,236,236,236,235,236,234,234,236
TX,12,426,426,426,426,426,426,426,426,425,424,424,426
UT,12,290,290,290,290,290,290,290,310,312,310,310,312
VA,12,278,278,278,278,278,278,278,277,277,277,275,278
VT,12,59,59,59,59,59,59,59,199,199,199,200,200
WA,12,247,247,247,247,247,247,247,247,247,247,247,245
WI,12,260,260,260,260,260,260,260,258,259,256,257,260
WV,12,149,149,149,149,149,149,149,332,333,330,333,333
WY,12,68,68,68,68,68,68,68,197,196,196,197,197
AK,13,123,123,123,123,123,123,123,371,371,371,369,372
AL,13,462,462,462,462,462,462,462,461,461,459,462,461
AR,13,489,489,489,489,489,489,489,488,488,485,482,487
AZ,13,529,529,529,529,529,529,529,527,526,528,527,529
CA,13,788,788,788,788,788,788,788,787,785,785,786,787
CO,13,495,495,495,495,495,495,495,494,494,495,493,495
CT,13,430,430,430,430,430,430,430,429,430,428,429,430
DC,13,132,132,132,132,132,132,132,417,413,417,415,417
DE,13,231,231,231,231,231,231,231,426,423,424,424,427
FL,13,727,727,727,727,727,727,727,724,725,725,725,726
GA,13,607,607,607,607,607,607,607,606,606,605,603,605
HI,13,200,200,200,200,200,200,200,386,385,384,386,386
IA,13,496,496,496,496,496,496,496,495,494,494,494,496
ID,13,395,395,395,395,395,395,395,610,606,610,608,609
IL,13,574,574,574,574,574,574,574,572,573,572,571,573
IN,13,446,446,446,446,446,446,446,442,441,443,442,446
KS,13,422,422,422,422,422,422,422,421,421,421,419,422
KY,13,560,560,560,560,560,560,560,560,559,559,558,559
LA,13,500,500,500,500,500,500,500,500,500,498,498,499
MA,13,470,470,470,470,470,470,470,469,469,467,467,469
MD,13,383,383,383,383,383,383,383,383,381,381,382,383
ME,13,320,320,320,320,320,320,320,716,714,715,714,718
MI,13,594,594,594,594,594,594,594,593,586,591,590,594
MN,13,597,597,597,597,597,597,597,595,597,597,596,596
MO,13,538,538,538,538,538,538,538,536,538,535,536,537
MS,13,568,568,568,568,568,568,568,567,568,566,567,568
MT,13,166,166,166,166,166,166,166,535,535,536,533,536
NC,13,550,550,550,550,550,550,550,596,598,598,599,598
ND,13,133,133,133,133,133,133,133,413,416,416,413,417
NE,13,498,498,498,498,498,498,498,498,498,496,497,496
NH,13,469,469,469,469,469,469,469,469,468,468,469,469
NJ,13,474,474,474,474,474,474,474,470,471,472,473,474
NM,13,451,451,451,451,451,451,451,451,451,450,451,450
NV,13,586,586,586,586,586,586,586,586,584,584,585,585
NY,13,750,750,750,750,750,750,750,750,746,750,746,749
OH,13,568,568,568,568,568,568,568,568,567,567,564,567
OK,13,573,573,573,573,573,573,573,569,571,569,569,572
OR,13,514,514,514,514,514,514,514,509,514,512,513,513
PA,13,579,579,579,579,579,579,579,579,577,578,579,579
RI,13,195,195,195,195,195,195,195,555,553,555,557,556
SC,13,573,573,573,573,573,573,573,573,571,571,571,572
SD,13,143,143,143,143,143,143,143,452,451,452,451,453
TN,13,461,461,461,461,461,461,461,461,460,460,460,461
TX,13,734,734,734,734,734,734,734,730,731,729,730,733
UT,13,407,407,407,407,407,407,407,407,407,406,404,407
VA,13,488,488,488,488,488,488,488,487,487,482,487,488
VT,13,97,97,97,97,97,97,97,315,316,316,316,316
WA,13,537,537,537,537,537,537,537,536,535,531,533,537
WI,13,740,740,740,740,740,740,740,738,740,739,737,739
WV,13,438,438,438,438,438,438,438,438,436,438,438,438
WY,13,80,80,80,80,80,80,80,319,317,318,318,319
AK,14,420,420,420,420,420,420,420,419,417,417,418,420
AL,14,465,465,465,465,465,465,465,462,464,463,465,464
AR,14,490,490,490,490,490,490,490,490,490,488,489,490
AZ,14,478,478,478,478,478,478,478,477,477,477,478,477
CA,14,609,609,609,609,609,609,609,609,609,609,608,609
CO,14,529,529,529,529,529,529,529,527,527,528,529,527
CT,14,506,506,506,506,506,506,506,506,504,503,503,505
DC,14,434,434,434,434,434,434,434,434,433,433,429,434
DE,14,550,550,550,550,550,550,550,549,549,550,547,550
FL,14,559,559,559,559,559,559,559,556,557,558,556,558
GA,14,493,493,493,493,493,493,493,490,491,492,491,491
HI,14,619,619,619,619,619,619,619,617,618,615,617,618
IA,14,443,443,443,443,443,443,443,441,441,441,442,443
ID,14,595,595,595,595,595,595,595,595,595,593,593,595
IL,14,542,542,542,542,542,542,542,540,542,542,542,542
IN,14,487,487,487,487,487,487,487,486,483,485,482,486
KS,14,491,491,491,491,491,491,491,490,490,489,489,491
KY,14,447,447,447,447,447,447,447,446,446,446,446,446
LA,14,491,491,491,491,491,491,491,491,491,490,487,491
MA,14,517,517,517,517,517,517,517,515,514,517,514,516
MD,14,515,515,515,515,515,515,515,514,514,513,512,514
ME,14,628,628,628,628,628,628,628,627,625,626,621,627
MI,14,508,508,508,508,508,508,508,508,506,507,506,508
MN,14,526,526,526,526,526,526,526,524,524,524,526,525
MO,14,495,495,495,495,495,495,495,494,494,494,492,494
MS,14,518,518,518,518,518,518,518,518,515,513,517,515
MT,14,563,563,563,563,563,563,563,561,563,561,560,563
NC,14,534,534,534,534,534,534,534,533,533,533,533,534
ND,14,518,518,518,518,518,518,518,518,515,516,517,518
NE,14,602,602,602,602,602,602,602,601,600,602,598,602
NH,14,575,575,575,575,575,575,575,574,572,574,575,575
NJ,14,462,462,462,462,462,462,462,459,458,459,457,462
NM,14,494,494,494,494,494,494,494,494,493,493,492,494
NV,14,498,498,498,498,498,498,498,498,495,498,498,496
NY,14,540,540,540,540,540,540,540,540,539,539,535,539
OH,14,512,512,512,512,512,512,512,511,512,510,507,511
OK,14,519,519,519,519,519,519,519,518,518,519,518,519
OR,14,578,578,578,578,578,578,578,576,575,578,577,578
PA,14,499,499,499,499,499,499,499,499,498,497,498,498
RI,14,551,551,551,551,551,551,551,551,549,547,547,551
SC,14,448,448,448,448,448,448,448,448,447,447,448,448
SD,14,510,510,510,510,510,510,510,510,509,509,508,510
TN,14,523,523,523,523,523,523,523,520,518,520,519,523
TX,14,565,565,565,565,565,565,565,561,563,563,562,563
UT,14,491,491,491,491,491,491,491,488,489,488,488,491
VA,14,465,465,465,465,465,465,465,462,464,464,464,465
VT,14,430,430,430,430,430,430,430,430,429,429,424,430
WA,14,556,556,556,556,556,556,556,555,554,553,552,556
WI,14,517,517,517,517,517,517,517,516,516,516,516,517
WV,14,452,452,452,452,452,452,452,452,452,452,451,452
WY,14,356,356,356,356,356,356,356,355,354,355,355,356
AK,16,314,314,314,314,314,314,314,314,313,313,314,314
AL,16,398,398,398,398,398,398,398,398,396,398,398,397
AR,16,520,520,520,520,520,520,520,519,519,519,518,520
AZ,16,420,420,420,420,420,420,420,419,420,420,420,420
CA,16,583,583,583,583,583,583,583,583,582,581,582,582
CO,16,506,506,506,506,506,506,506,505,503,505,504,504
CT,16,437,437,437,437,437,437,437,437,437,437,436,436
DC,16,348,348,348,348,348,348,348,348,345,347,346,347
DE,16,412,412,412,412,412,412,412,412,410,412,412,411
FL,16,565,565,565,565,565,565,565,564,564,564,562,565
GA,16,492,492,492,492,492,492,492,491,490,491,488,492
HI,16,390,390,390,390,390,390,390,390,390,388,390,390
IA,16,430,430,430,430,430,430,430,428,429,430,429,430
ID,16,495,495,495,495,495,495,495,494,494,494,492,495
IL,16,507,507,507,507,507,507,507,504,505,505,507,506
IN,16,440,440,440,440,440,440,440,440,438,440,440,439
KS,16,435,435,435,435,435,435,435,434,434,434,434,435
KY,16,434,434,434,434,434,434,434,433,433,433,431,434
LA,16,410,410,410,410,410,410,410,410,408,407,409,409
MA,16,486,486,486,486,486,486,486,485,485,485,485,486
MD,16,455,455,455,455,455,455,455,454,454,453,451,454
ME,16,510,510,510,510,510,510,510,510,509,509,510,510
MI,16,503,503,503,503,503,503,503,503,501,502,502,503
MN,16,451,451,451,451,451,451,451,449,451,450,450,450
MO,16,440,440,440,440,440,440,440,440,440,440,439,440
MS,16,466,466,466,466,466,466,466,466,465,466,465,462
MT,16,470,470,470,470,470,470,470,469,470,470,470,470
NC,16,514,514,514,514,514,514,514,513,514,511,509,514
ND,16,374,374,374,374,374,374,374,371,372,373,373,374
NE,16,509,509,509,509,509,509,509,509,508,509,509,508
NH,16,401,401,401,401,401,401,401,401,400,401,400,400
NJ,16,469,469,469,469,469,469,469,469,469,468,465,468
NM,16,350,350,350,350,350,350,350,350,348,349,346,349
NV,16,423,423,423,423,423,423,423,421,422,422,422,423
NY,16,629,629,629,629,629,629,629,627,628,625,627,629
OH,16,560,560,560,560,560,560,560,559,560,558,558,558
OK,16,456,456,456,456,456,456,456,456,456,454,456,456
OR,16,478,478,478,478,478,478,478,478,475,477,478,474
PA,16,534,534,534,534,534,534,534,533,533,531,532,534
RI,16,400,400,400,400,400,400,400,399,400,399,399,399
SC,16,422,422,422,422,422,422,422,421,422,422,421,421
SD,16,464,464,464,464,464,464,464,464,463,462,463,463
TN,16,486,486,486,486,486,486,486,486,485,484,485,486
TX,16,604,604,604,604,604,604,604,601,604,603,602,602
UT,16,433,433,433,433,433,433,433,432,432,432,433,433
VA,16,466,466,466,466,466,466,466,466,466,464,466,466
VT,16,337,337,337,337,337,337,337,337,337,337,335,337
WA,16,490,490,490,490,490,490,490,490,488,489,488,490
WI,16,481,481,481,481,481,481,481,481,479,480,480,481
WV,16,420,420,420,420,420,420,420,420,417,418,417,420
WY,16,331,331,331,331,331,331,331,328,328,330,330,331
AK,17,225,225,225,225,225,225,225,225,225,225,225,225
AL,17,462,462,462,462,462,462,462,461,458,461,461,462
AR,17,483,483,483,483,483,483,483,482,482,482,483,483
AZ,17,434,434,434,434,434,434,434,433,432,432,431,434
CA,17,808,808,808,808,808,808,808,807,806,806,802,808
CO,17,480,480,480,480,480,480,480,479,479,478,479,479
CT,17,424,424,424,424,424,424,424,423,419,422,423,423
DC,17,355,355,355,355,355,355,355,354,353,354,353,354
DE,17,354,354,354,354,354,354,354,354,352,353,353,354
FL,17,807,807,807,807,807,807,807,807,807,805,805,807
GA,17,528,528,528,528,528,528,528,526,526,526,524,528
HI,17,405,405,405,405,405,405,405,405,405,405,405,405
IA,17,396,396,396,396,396,396,396,396,396,396,395,396
ID,17,395,395,395,395,395,395,395,395,393,393,394,395
IL,17,558,558,558,558,558,558,558,557,557,558,553,557
IN,17,455,455,455,455,455,455,455,455,453,454,454,455
KS,17,407,407,407,407,407,407,407,407,407,407,407,406
KY,17,394,394,394,394,394,394,394,394,392,393,393,394
LA,17,385,385,385,385,385,385,385,383,381,382,384,385
MA,17,475,475,475,475,475,475,475,475,474,475,471,474
MD,17,439,439,439,439,439,439,439,439,439,438,437,438
ME,17,519,519,519,519,519,519,519,519,517,516,517,519
MI,17,482,482,482,482,482,482,482,481,480,479,478,482
MN,17,436,436,436,436,436,436,436,435,435,434,435,435
MO,17,457,457,457,457,457,457,457,457,457,454,455,457
MS,17,464,464,464,464,464,464,464,463,463,461,462,464
MT,17,402,402,402,402,402,402,402,400,399,401,402,402
NC,17,527,527,527,527,527,527,527,525,526,525,526,526
ND,17,337,337,337,337,337,337,337,336,336,332,337,337
NE,17,530,530,530,530,530,530,530,530,528,529,527,529
NH,17,536,536,536,536,536,536,536,536,535,535,535,536
NJ,17,488,488,488,488,488,488,488,488,487,486,486,486
NM,17,479,479,479,479,479,479,479,478,476,478,479,479
NV,17,363,363,363,363,363,363,363,362,363,363,362,363
NY,17,764,764,764,764,764,764,764,764,761,761,761,763
OH,17,568,568,568,568,568,568,568,568,565,565,566,567
OK,17,413,413,413,413,413,413,413,413,411,413,413,412
OR,17,392,392,392,392,392,392,392,391,392,392,390,391
PA,17,618,618,618,618,618,618,618,617,615,617,615,618
RI,17,377,377,377,377,377,377,377,377,376,377,377,377
SC,17,430,430,430,430,430,430,430,430,430,430,430,430
SD,17,356,356,356,356,356,356,356,356,355,355,356,356
TN,17,461,461,461,461,461,461,461,459,461,460,460,460
TX,17,840,840,840,840,840,840,840,838,838,836,839,838
UT,17,419,419,419,419,419,419,419,419,419,418,416,418
VA,17,457,457,457,457,457,457,457,457,456,456,455,456
VT,17,302,302,302,302,302,302,302,302,302,300,300,302
WA,17,443,443,443,443,443,443,443,443,442,442,442,442
WI,17,479,479,479,479,479,479,479,478,478,477,477,478
WV,17,410,410,410,410,410,410,410,409,408,409,409,410
WY,17,300,300,300,300,300,300,300,300,300,300,300,299
AK,18,239,239,239,239,239,239,239,239,239,239,239,239
AL,18,417,417,417,417,417,417,417,416,417,416,417,417
AR,18,399,399,399,399,399,399,399,394,397,398,397,399
AZ,18,456,456,456,456,456,456,456,456,456,454,456,456
CA,18,773,773,773,773,773,773,773,770,767,770,769,773
CO,18,464,464,464,464,464,464,464,464,463,464,463,463
CT,18,428,428,428,428,428,428,428,426,426,426,425,427
DC,18,224,224,224,224,224,224,224,224,224,224,224,223
DE,18,373,373,373,373,373,373,373,372,372,372,373,371
FL,18,705,705,705,705,705,705,705,705,704,704,703,705
GA,18,455,455,455,455,455,455,455,455,453,453,453,455
HI,18,330,330,330,330,330,330,330,330,327,328,328,330
IA,18,424,424,424,424,424,424,424,424,424,423,423,424
ID,18,401,401,401,401,401,401,401,400,400,400,401,401
IL,18,546,546,546,546,546,546,546,545,545,544,546,546
IN,18,413,413,413,413,413,413,413,412,412,412,413,412
KS,18,423,423,423,423,423,423,423,422,423,423,422,422
KY,18,434,434,434,434,434,434,434,434,433,434,432,433
LA,18,466,466,466,466,466,466,466,465,464,464,462,466
MA,18,386,386,386,386,386,386,386,386,386,385,384,386
MD,18,444,444,444,444,444,444,444,444,444,444,443,444
ME,18,431,431,431,431,431,431,431,429,430,428,430,431
MI,18,466,466,466,466,466,466,466,466,466,465,466,466
MN,18,465,465,465,465,465,465,465,465,465,464,465,465
MO,18,480,480,480,480,480,480,480,479,480,479,478,480
MS,18,368,368,368,368,368,368,368,367,367,367,367,368
MT,18,356,356,356,356,356,356,356,356,354,353,352,356
NC,18,496,496,496,496,496,496,496,495,495,494,493,496
ND,18,291,291,291,291,291,291,291,291,290,289,289,291
NE,18,381,381,381,381,381,381,381,381,381,378,379,381
NH,18,386,386,386,386,386,386,386,386,386,386,382,386
NJ,18,436,436,436,436,436,436,436,436,436,435,433,434
NM,18,372,372,372,372,372,372,372,372,371,368,370,372
NV,18,484,484,484,484,484,484,484,484,483,483,483,484
NY,18,695,695,695,695,695,695,695,692,692,691,692,692
OH,18,565,565,565,565,565,565,565,565,563,563,563,563
OK,18,466,466,466,466,466,466,466,464,464,465,465,465
OR,18,481,481,481,481,481,481,481,481,480,481,479,479
PA,18,490,490,490,490,490,490,490,490,488,488,490,490
RI,18,295,295,295,295,295,295,295,293,293,294,292,295
SC,18,491,491,491,491,491,491,491,489,490,488,487,490
SD,18,315,315,315,315,315,315,315,315,313,314,315,315
TN,18,477,477,477,477,477,477,477,477,476,476,477,476
TX,18,770,770,770,770,770,770,770,770,769,764,768,770
UT,18,382,382,382,382,382,382,382,382,382,382,381,382
VA,18,465,465,465,465,465,465,465,464,464,462,462,464
VT,18,247,247,247,247,247,247,247,246,246,246,247,247
WA,18,494,494,494,494,494,494,494,493,494,494,493,494
WI,18,481,481,481,481,481,481,481,481,479,481,481,481
WV,18,343,343,343,343,343,343,343,342,342,342,343,342
WY,18,206,206,206,206,206,206,206,206,206,205,206,206
AK,19,248,248,248,248,248,248,248,248,247,248,248,248
AL,19,439,439,439,439,439,439,439,437,436,436,437,439
AR,19,510,510,510,510,510,510,510,510,509,510,509,510
AZ,19,516,516,516,516,516,516,516,513,513,515,511,515
CA,19,1040,1040,1040,1040,1040,1040,1040,1038,1036,1037,1032,1037
CO,19,458,458,458,458,458,458,458,458,458,457,457,457
CT,19,371,371,371,371,371,371,371,369,367,367,368,371
DC,19,299,299,299,299,299,299,299,299,299,298,299,299
DE,19,392,392,392,392,392,392,392,392,392,392,392,392
FL,19,683,683,683,683,683,683,683,682,682,680,678,683
GA,19,519,519,519,519,519,519,519,519,519,517,517,518
HI,19,403,403,403,403,403,403,403,403,402,402,402,403
IA,19,408,408,408,408,408,408,408,408,406,403,407,408
ID,19,467,467,467,467,467,467,467,466,466,465,466,467
IL,19,611,611,611,611,611,611,611,611,610,611,603,610
IN,19,419,419,419,419,419,419,419,418,418,418,418,419
KS,19,382,382,382,382,382,382,382,380,379,378,379,381
KY,19,428,428,428,428,428,428,428,428,428,427,422,428
LA,19,352,352,352,352,352,352,352,352,351,352,350,351
MA,19,513,513,513,513,513,513,513,512,512,511,512,513
MD,19,479,479,479,479,479,479,479,477,479,477,477,478
ME,19,471,471,471,471,471,471,471,471,470,470,471,471
MI,19,563,563,563,563,563,563,563,562,562,561,562,563
MN,19,453,453,453,453,453,453,453,450,452,451,453,452
MO,19,489,489,489,489,489,489,489,487,485,486,486,489
MS,19,404,404,404,404,404,404,404,403,403,404,404,403
MT,19,380,380,380,380,380,380,380,380,377,378,378,380
NC,19,515,515,515,515,515,515,515,514,513,514,515,514
ND,19,343,343,343,343,343,343,343,342,343,343,343,343
NE,19,445,445,445,445,445,445,445,444,442,443,444,445
NH,19,397,397,397,397,397,397,397,394,394,396,393,397
NJ,19,469,469,469,469,469,469,469,468,467,467,466,467
NM,19,432,432,432,432,432,432,432,430,431,431,430,432
NV,19,446,446,446,446,446,446,446,444,444,445,443,446
NY,19,916,916,916,916,916,916,916,915,913,909,909,913
OH,19,580,580,580,580,580,580,580,579,577,577,578,578
OK,19,446,446,446,446,446,446,446,446,445,444,442,446
OR,19,495,495,495,495,495,495,495,495,492,491,494,494
PA,19,539,539,539,539,539,539,539,536,533,536,535,539
RI,19,330,330,330,330,330,330,330,327,324,326,325,329
SC,19,413,413,413,413,413,413,413,412,412,412,409,413
SD,19,324,324,324,324,324,324,324,324,323,324,323,322
TN,19,462,462,462,462,462,462,462,461,461,459,461,462
TX,19,756,756,756,756,756,756,756,755,750,751,751,755
UT,19,437,437,437,437,437,437,437,436,435,436,436,437
VA,19,527,527,527,527,527,527,527,527,526,526,525,526
VT,19,247,247,247,247,247,247,247,246,245,246,245,247
WA,19,550,550,550,550,550,550,550,549,547,549,547,550
WI,19,499,499,499,499,499,499,499,499,497,499,495,498
WV,19,421,421,421,421,421,421,421,420,421,420,419,421
WY,19,252,252,252,252,252,252,252,252,250,249,251,252
AK,20,258,258,258,258,258,258,258,257,257,257,257,258
AL,20,412,412,412,412,412,412,412,410,410,408,408,412
AR,20,350,350,350,350,350,350,350,349,349,348,348,349
AZ,20,518,518,518,518,518,518,518,515,518,516,518,517
CA,20,1347,1347,1347,1347,1347,1347,1347,1346,1341,1341,1343,1343
CO,20,523,523,523,523,523,523,523,522,516,522,522,523
CT,20,341,341,341,341,341,341,341,341,340,340,340,340
DC,20,279,279,279,279,279,279,279,279,279,279,278,278
DE,20,373,373,373,373,373,373,373,370,373,372,372,372
FL,20,942,942,942,942,942,942,942,938,939,938,936,940
GA,20,667,667,667,667,667,667,667,667,661,667,666,667
HI,20,390,390,390,390,390,390,390,388,390,390,389,390
IA,20,357,357,357,357,357,357,357,357,357,356,355,357
ID,20,416,416,416,416,416,416,416,413,412,414,414,416
IL,20,667,667,667,667,667,667,667,666,666,663,665,667
IN,20,455,455,455,455,455,455,455,455,455,452,453,455
KS,20,366,366,366,366,366,366,366,364,365,366,364,365
KY,20,429,429,429,429,429,429,429,429,429,428,428,429
LA,20,362,362,362,362,362,362,362,358,359,360,357,360
MA,20,476,476,476,476,476,476,476,475,475,474,475,475
MD,20,452,452,452,452,452,452,452,450,451,451,450,451
ME,20,430,430,430,430,430,430,430,429,430,429,430,430
MI,20,560,560,560,560,560,560,560,560,557,558,557,560
MN,20,438,438,438,438,438,438,438,437,437,437,438,437
MO,20,482,482,482,482,482,482,482,481,481,480,481,481
MS,20,357,357,357,357,357,357,357,356,355,355,356,357
MT,20,365,365,365,365,365,365,365,363,364,363,363,365
NC,20,591,591,591,591,591,591,591,590,591,589,589,589
ND,20,357,357,357,357,357,357,357,355,356,355,357,357
NE,20,338,338,338,338,338,338,338,338,338,337,336,337
NH,20,318,318,318,318,318,318,318,318,318,318,317,318
NJ,20,606,606,606,606,606,606,606,606,605,604,605,606
NM,20,361,361,361,361,361,361,361,359,359,360,357,360
NV,20,373,373,373,373,373,373,373,371,371,371,371,372
NY,20,1047,1047,1047,1047,1047,1047,1047,1045,1045,1039,1039,1045
OH,20,670,670,670,670,670,670,670,670,667,669,669,669
OK,20,380,380,380,380,380,380,380,379,377,378,378,380
OR,20,404,404,404,404,404,404,404,404,402,403,403,404
PA,20,680,680,680,680,680,680,680,677,676,673,677,680
RI,20,337,337,337,337,337,337,337,335,334,335,336,337
SC,20,431,431,431,431,431,431,431,431,430,429,431,431
SD,20,282,282,282,282,282,282,282,281,281,281,280,282
TN,20,480,480,480,480,480,480,480,479,479,474,477,480
TX,20,1040,1040,1040,1040,1040,1040,1040,1038,1034,1036,1036,1040
UT,20,379,379,379,379,379,379,379,379,376,377,378,379
VA,20,624,624,624,624,624,624,624,624,621,624,619,624
VT,20,286,286,286,286,286,286,286,286,285,284,284,286
WA,20,532,532,532,532,532,532,532,532,529,532,528,532
WI,20,464,464,464,464,464,464,464,464,463,464,463,464
WV,20,355,355,355,355,355,355,355,353,352,353,350,354
WY,20,276,276,276,276,276,276,276,276,273,275,275,276
AK,21,333,333,333,333,333,333,333,333,332,332,330,333
AL,21,426,426,426,426,426,426,426,424,424,424,423,426
AR,21,410,410,410,410,410,410,410,410,408,409,408,409
AZ,21,469,469,469,469,469,469,469,468,468,466,466,467
CA,21,1107,1107,1107,1107,1107,1107,1107,1105,1100,1103,1104,1105
CO,21,510,510,510,510,510,510,510,509,508,507,508,510
CT,21,406,406,406,406,406,406,406,406,405,403,404,405
DC,21,349,349,349,349,349,349,349,349,348,346,349,349
DE,21,466,466,466,466,466,466,466,465,463,466,465,466
FL,21,701,701,701,701,701,701,701,699,698,695,698,699
GA,21,603,603,603,603,603,603,603,601,603,603,602,602
HI,21,482,482,482,482,482,482,482,482,482,477,480,482
IA,21,430,430,430,430,430,430,430,430,429,427,429,429
ID,21,462,462,462,462,462,462,462,460,457,460,457,462
IL,21,641,641,641,641,641,641,641,640,641,640,640,641
IN,21,494,494,494,494,494,494,494,493,491,492,491,493
KS,21,408,408,408,408,408,408,408,407,405,407,407,408
KY,21,449,449,449,449,449,449,449,448,449,448,447,449
LA,21,414,414,414,414,414,414,414,413,414,413,414,414
MA,21,497,497,497,497,497,497,497,497,495,496,495,497
MD,21,482,482,482,482,482,482,482,482,480,479,480,480
ME,21,446,446,446,446,446,446,446,446,445,444,445,446
MI,21,576,576,576,576,576,576,576,575,576,573,573,575
MN,21,476,476,476,476,476,476,476,475,476,476,474,476
MO,21,523,523,523,523,523,523,523,523,519,523,519,521
MS,21,370,370,370,370,370,370,370,370,369,368,370,368
MT,21,430,430,430,430,430,430,430,427,428,427,425,430
NC,21,620,620,620,620,620,620,620,618,617,618,618,619
ND,21,421,421,421,421,421,421,421,420,420,418,421,421
NE,21,399,399,399,399,399,399,399,399,395,398,399,399
NH,21,342,342,342,342,342,342,342,342,340,340,341,341
NJ,21,534,534,534,534,534,534,534,533,532,533,532,533
NM,21,448,448,448,448,448,448,448,446,446,447,446,448
NV,21,447,447,447,447,447,447,447,447,446,445,446,446
NY,21,1046,1046,1046,1046,1046,1046,1046,1044,1042,1045,1038,1044
OH,21,563,563,563,563,563,563,563,558,559,559,560,563
OK,21,445,445,445,445,445,445,445,443,440,443,442,445
OR,21,456,456,456,456,456,456,456,456,454,453,453,456
PA,21,616,616,616,616,616,616,616,613,614,614,614,616
RI,21,436,436,436,436,436,436,436,436,436,435,435,436
SC,21,445,445,445,445,445,445,445,445,443,445,445,444
SD,21,420,420,420,420,420,420,420,419,419,418,419,420
TN,21,494,494,494,494,494,494,494,492,491,491,492,493
TX,21,792,792,792,792,792,792,792,791,789,788,790,792
UT,21,412,412,412,412,412,412,412,412,412,410,411,412
VA,21,523,523,523,523,523,523,523,522,521,523,520,523
VT,21,356,356,356,356,356,356,356,356,355,356,356,356
WA,21,522,522,522,522,522,522,522,521,519,521,521,522
WI,21,466,466,466,466,466,466,466,466,462,464,464,466
WV,21,404,404,404,404,404,404,404,401,401,402,401,401
WY,21,391,391,391,391,391,391,391,391,389,389,388,391
AK,22,290,290,290,290,290,290,290,290,288,289,290,290
AL,22,443,443,443,443,443,443,443,442,437,442,437,443
AR,22,379,379,379,379,379,379,379,377,378,377,378,379
AZ,22,494,494,494,494,494,494,494,492,494,491,491,494
CA,22,946,946,946,946,946,946,946,943,942,939,941,946
CO,22,466,466,466,466,466,466,466,465,464,466,465,466
CT,22,427,427,427,427,427,427,427,427,425,425,425,427
DC,22,249,249,249,249,249,249,249,248,246,249,249,249
DE,22,417,417,417,417,417,417,417,417,417,417,415,416
FL,22,579,579,579,579,579,579,579,576,576,577,578,579
GA,22,501,501,501,501,501,501,501,498,499,497,500,500
HI,22,432,432,432,432,432,432,432,432,430,431,431,432
IA,22,415,415,415,415,415,415,415,412,413,412,412,415
ID,22,417,417,417,417,417,417,417,416,416,417,417,417
IL,22,599,599,599,599,599,599,599,596,598,597,596,598
IN,22,472,472,472,472,472,472,472,471,472,469,471,471
KS,22,383,383,383,383,383,383,383,382,382,380,383,383
KY,22,449,449,449,449,449,449,449,446,447,446,447,448
LA,22,381,381,381,381,381,381,381,380,378,380,380,380
MA,22,498,498,498,498,498,498,498,498,497,497,498,498
MD,22,450,450,450,450,450,450,450,448,449,449,450,450
ME,22,433,433,433,433,433,433,433,433,431,431,432,433
MI,22,587,587,587,587,587,587,587,585,584,584,584,585
MN,22,476,476,476,476,476,476,476,475,475,474,475,475
MO,22,493,493,493,493,493,493,493,493,489,490,491,492
MS,22,407,407,407,407,407,407,407,407,403,406,407,406
MT,22,387,387,387,387,387,387,387,386,386,386,387,386
NC,22,526,526,526,526,526,526,526,524,525,523,523,525
ND,22,335,335,335,335,335,335,335,334,334,333,333,335
NE,22,412,412,412,412,412,412,412,411,411,409,410,411
NH,22,380,380,380,380,380,380,380,380,380,379,380,380
NJ,22,490,490,490,490,490,490,490,488,488,489,489,489
NM,22,384,384,384,384,384,384,384,383,382,384,384,384
NV,22,407,407,407,407,407,407,407,406,407,403,405,407
NY,22,777,777,777,777,777,777,777,775,775,775,771,776
OH,22,542,542,542,542,542,542,542,540,536,539,540,541
OK,22,415,415,415,415,415,415,415,414,413,411,413,415
OR,22,471,471,471,471,471,471,471,470,468,469,468,471
PA,22,540,540,540,540,540,540,540,539,538,535,537,536
RI,22,398,398,398,398,398,398,398,397,396,396,398,398
SC,22,412,412,412,412,412,412,412,411,411,412,411,412
SD,22,381,381,381,381,381,381,381,380,378,378,378,381
TN,22,506,506,506,506,506,506,506,504,502,505,505,506
TX,22,634,634,634,634,634,634,634,633,633,631,632,634
UT,22,402,402,402,402,402,402,402,402,400,401,402,402
VA,22,508,508,508,508,508,508,508,508,508,506,504,507
VT,22,307,307,307,307,307,307,307,305,305,305,305,307
WA,22,499,499,499,499,499,499,499,498,495,498,496,498
WI,22,496,496,496,496,496,496,496,494,495,496,493,496
WV,22,389,389,389,389,389,389,389,387,389,388,388,388
WY,22,295,295,295,295,295,295,295,295,295,294,294,294
AK,23,243,243,243,243,243,243,243,242,242,241,241,243
AL,23,465,465,465,465,465,465,465,464,463,461,463,465
AR,23,412,412,412,412,412,412,412,412,411,410,412,412
AZ,23,548,548,548,548,548,548,548,546,546,548,548,548
CA,23,1027,1027,1027,1027,1027,1027,1027,1025,1025,1026,1023,1025
CO,23,474,474,474,474,474,474,474,474,472,473,473,473
CT,23,463,463,463,463,463,463,463,461,458,463,462,463
DC,23,339,339,339,339,339,339,339,338,338,338,338,338
DE,23,381,381,381,381,381,381,381,380,381,379,380,381
FL,23,610,610,610,610,610,610,610,610,608,610,606,610
GA,23,556,556,556,556,556,556,556,555,551,553,550,555
HI,23,401,401,401,401,401,401,401,399,398,398,400,401
IA,23,438,438,438,438,438,438,438,437,436,437,438,438
ID,23,429,429,429,429,429,429,429,428,427,428,428,429
IL,23,660,660,660,660,660,660,660,658,659,660,660,660
IN,23,499,499,499,499,499,499,499,498,499,498,499,499
KS,23,421,421,421,421,421,421,421,420,421,419,421,421
KY,23,477,477,477,477,477,477,477,475,475,474,476,477
LA,23,431,431,431,431,431,431,431,431,430,430,429,430
MA,23,499,499,499,499,499,499,499,498,497,498,496,499
MD,23,531,531,531,531,531,531,531,531,530,530,530,531
ME,23,408,408,408,408,408,408,408,408,408,406,407,408
MI,23,623,623,623,623,623,623,623,623,621,622,623,623
MN,23,521,521,521,521,521,521,521,521,519,520,520,521
MO,23,509,509,509,509,509,509,509,508,507,508,509,509
MS,23,405,405,405,405,405,405,405,404,402,405,404,405
MT,23,318,318,318,318,318,318,318,318,317,317,317,318
NC,23,624,624,624,624,624,624,624,624,622,622,623,623
ND,23,359,359,359,359,359,359,359,358,357,359,359,358
NE,23,422,422,422,422,422,422,422,422,421,420,421,422
NH,23,387,387,387,387,387,387,387,385,385,384,386,386
NJ,23,526,526,526,526,526,526,526,526,524,522,525,526
NM,23,449,449,449,449,449,449,449,448,446,448,448,449
NV,23,446,446,446,446,446,446,446,445,443,442,445,446
NY,23,952,952,952,952,952,952,952,952,950,951,952,952
OH,23,561,561,561,561,561,561,561,561,560,560,559,561
OK,23,436,436,436,436,436,436,436,436,435,435,436,436
OR,23,490,490,490,490,490,490,490,489,490,489,489,490
PA,23,587,587,587,587,587,587,587,586,585,582,586,587
RI,23,365,365,365,365,365,365,365,365,364,364,364,365
SC,23,471,471,471,471,471,471,471,469,470,469,468,471
SD,23,279,279,279,279,279,279,279,279,277,279,278,279
TN,23,511,511,511,511,511,511,511,511,510,509,510,510
TX,23,653,653,653,653,653,653,653,653,651,649,650,653
UT,23,431,431,431,431,431,431,431,430,430,429,430,430
VA,23,558,558,558,558,558,558,558,558,556,555,558,557
VT,23,273,273,273,273,273,273,273,272,271,270,271,272
WA,23,559,559,559,559,559,559,559,559,558,556,559,559
WI,23,519,519,519,519,519,519,519,518,516,518,519,519
WV,23,408,408,408,408,408,408,408,405,406,404,406,407
WY,23,271,271,271,271,271,271,271,270,268,269,269,271
