,month_yr,state_code,case_cnt,case_cnt_norm
0,2020-01,AL,0.0,0.0
1,2020-02,AL,0.0,0.0
2,2020-03,AL,993.0,0.019702861796031926
3,2020-04,AL,6069.0,0.12041960547846703
4,2020-05,AL,10884.0,0.2159576513474436
5,2020-06,AL,20093.0,0.39868036462000955
6,2020-07,AL,49678.0,0.9856986589156839
7,2020-08,AL,38335.0,0.76063364244802
8,2020-09,AL,28643.0,0.5683273619574446
9,2020-10,AL,37584.0,0.7457324851380301
10,2020-11,AL,57239.0,1.1357221614733852
11,2020-12,AL,111702.0,2.216363613635809
12,2021-01,AL,98413.0,1.9526865437390635
13,2021-02,AL,33613.0,0.666940879707977
14,2021-03,AL,22136.0,0.439217068194323
15,2021-04,AL,12534.0,0.24869654557045737
16,2021-05,AL,15483.0,0.3072098783363165
17,2021-06,AL,7578.0,0.15036081237696872
18,2021-07,AL,34624.0,0.6870008930773509
19,2021-08,AL,114122.0,2.264380658496229
20,2021-09,AL,96746.0,1.9196103396967823
21,2021-10,AL,35572.0,0.7058108759400279
22,2021-11,AL,13714.0,0.2721098153784309
23,2021-12,AL,50853.0,1.0090127199532846
24,2022-01,AL,321643.0,6.381961305801709
25,2022-02,AL,61308.0,1.2164582588027446
26,2022-03,AL,15762.0,0.31274572772311704
27,2022-04,AL,5406.0,0.10726452252703786
28,2022-05,AL,14230.0,0.2823481604809006
29,2022-06,AL,42303.0,0.8393657226158495
30,2022-07,AL,67145.0,1.332274577335915
31,2022-08,AL,67404.0,1.3374135916412246
32,2022-09,AL,31064.0,0.6163642485719394
33,2022-10,AL,11408.0,0.22635473048250979
34,2022-11,AL,14998.0,0.29758662761015797
35,2022-12,AL,24352.0,0.48318639522353424
36,2020-01,AK,0.0,0.0
37,2020-02,AK,0.0,0.0
38,2020-03,AK,132.0,0.01801622278970291
39,2020-04,AK,220.0,0.030027037982838182
40,2020-05,AK,116.0,0.01583243820913286
41,2020-06,AK,663.0,0.09049057355737143
42,2020-07,AK,2543.0,0.3470852617743523
43,2020-08,AK,2400.0,0.32756768708550743
44,2020-09,AK,2632.0,0.3592325635037732
45,2020-10,AK,7540.0,1.029108483593636
46,2020-11,AK,16160.0,2.2056224263757502
47,2020-12,AK,14333.0,1.9562615245819077
48,2021-01,AK,7245.0,0.9888449553893757
49,2021-02,AK,3861.0,0.5269745165988101
50,2021-03,AK,4713.0,0.6432610455141653
51,2021-04,AK,5039.0,0.6877556563432801
52,2021-05,AK,2029.0,0.2769311821235394
53,2021-06,AK,1042.0,0.14221897080962448
54,2021-07,AK,4184.0,0.571059667819068
55,2021-08,AK,12989.0,1.7728236198140235
56,2021-09,AK,25993.0,3.5476945376723314
57,2021-10,AK,23140.0,3.1582984496494344
58,2021-11,AK,13029.0,1.7782830812654487
59,2021-12,AK,6126.0,0.8361165212857578
60,2022-01,AK,59513.0,8.122723233966585
61,2022-02,AK,22334.0,3.048290301403218
62,2022-03,AK,7642.0,1.0430301102947699
63,2022-04,AK,5769.0,0.7873908278317885
64,2022-05,AK,7043.0,0.9612746750596788
65,2022-06,AK,12316.0,1.6809681808937957
66,2022-07,AK,11222.0,1.5316519101973185
67,2022-08,AK,10848.0,1.4806059456264937
68,2022-09,AK,3674.0,0.5014515343133976
69,2022-10,AK,1988.0,0.27133523413582866
70,2022-11,AK,1759.0,0.24007981732641984
71,2022-12,AK,1536.0,0.20964331973472478
72,2020-01,AZ,0.0,0.0
73,2020-02,AZ,0.0,0.0
74,2020-03,AZ,1297.0,0.017824954276312352
75,2020-04,AZ,6350.0,0.08726943689636349
76,2020-05,AZ,12288.0,0.16887666780827001
77,2020-06,AZ,59463.0,0.8172129962470019
78,2020-07,AZ,94709.0,1.3016064722862504
79,2020-08,AZ,27758.0,0.38148425659358387
80,2020-09,AZ,16645.0,0.22875587041574336
81,2020-10,AZ,27451.0,0.3772650885420589
82,2020-11,AZ,81084.0,1.114355121465313
83,2020-12,AZ,196783.0,2.7044317481538735
84,2021-01,AZ,234747.0,3.2261792918284473
85,2021-02,AZ,58656.0,0.8061222189910389
86,2021-03,AZ,24579.0,0.33779456527176666
87,2021-04,AZ,20686.0,0.28429221600601184
88,2021-05,AZ,18953.0,0.2604752185034295
89,2021-06,AZ,13425.0,0.18450270713916217
90,2021-07,AZ,32360.0,0.4447305477112319
91,2021-08,AZ,84688.0,1.1638856806109026
92,2021-09,AZ,81660.0,1.1222712152688257
93,2021-10,AZ,75317.0,1.0350979809013243
94,2021-11,AZ,100880.0,1.386415873087425
95,2021-12,AZ,111708.0,1.535227442018736
96,2022-01,AZ,489156.0,6.722577744012217
97,2022-02,AZ,106246.0,1.4601619830694543
98,2022-03,AZ,30290.0,0.4162820856048583
99,2022-04,AZ,14344.0,0.19713272485691935
100,2022-05,AZ,28103.0,0.38622566694464616
101,2022-06,AZ,75940.0,1.043660005970054
102,2022-07,AZ,70862.0,0.9738719428897811
103,2022-08,AZ,57945.0,0.796350790702328
104,2022-09,AZ,17186.0,0.23619095157494535
105,2022-10,AZ,16326.0,0.22437178374331188
106,2022-11,AZ,49661.0,0.682501969403198
107,2022-12,AZ,40787.0,0.5605446492428311
108,2020-01,AR,0.0,0.0
109,2020-02,AR,0.0,0.0
110,2020-03,AR,563.0,0.018606089908724404
111,2020-04,AR,2717.0,0.08979173407105544
112,2020-05,AR,3972.0,0.13126712099014803
113,2020-06,AR,13524.0,0.4469427352141898
114,2020-07,AR,21734.0,0.7182677763343095
115,2020-08,AR,18713.0,0.6184294146748842
116,2020-09,AR,22473.0,0.7426903348468269
117,2020-10,AR,28493.0,0.9416399995902034
118,2020-11,AR,45169.0,1.4927503997995961
119,2020-12,AR,67779.0,2.239968326684603
120,2021-01,AR,70130.0,2.317664449909134
121,2021-02,AR,27147.0,0.8971572340180132
122,2021-03,AR,7983.0,0.2638231185459093
123,2021-04,AR,5327.0,0.17604731961594122
124,2021-05,AR,5656.0,0.1869201501309862
125,2021-06,AR,8004.0,0.2645171290043164
126,2021-07,AR,37067.0,1.2249945553227133
127,2021-08,AR,66439.0,2.195683849814815
128,2021-09,AR,43186.0,1.4272159836557232
129,2021-10,AR,17138.0,0.5663786302943496
130,2021-11,AR,15623.0,0.5163107329378355
131,2021-12,AR,37648.0,1.2441955113386438
132,2022-01,AR,210273.0,6.949126720030563
133,2022-02,AR,43225.0,1.4285048602213364
134,2022-03,AR,12938.0,0.4275765386129243
135,2022-04,AR,2935.0,0.09699622359166275
136,2022-05,AR,7505.0,0.2480261185878804
137,2022-06,AR,22230.0,0.7346596423995445
138,2022-07,AR,38339.0,1.267031760231945
139,2022-08,AR,28708.0,0.9487453447596097
140,2022-09,AR,19005.0,0.62807946485845
141,2022-10,AR,8211.0,0.2713580892371867
142,2022-11,AR,9016.0,0.29796182347612654
143,2022-12,AR,16622.0,0.5493258018877746
144,2020-01,CA,2.0,5.097121054280364e-06
145,2020-02,CA,25.0,6.371401317850455e-05
146,2020-03,CA,8555.0,0.021802935309684256
147,2020-04,CA,41887.0,0.1067515548003208
148,2020-05,CA,62644.0,0.15965202566216954
149,2020-06,CA,119039.0,0.3033780965902401
150,2020-07,CA,270120.0,0.6884171695911059
151,2020-08,CA,210270.0,0.535885822041766
152,2020-09,CA,108583.0,0.27673034771846233
153,2020-10,CA,114136.0,0.2908825043256718
154,2020-11,CA,301976.0,0.7696041137436835
155,2020-12,CA,1070622.0,2.7285449686878755
156,2021-01,CA,1016204.0,2.5898574019219613
157,2021-02,CA,245514.0,0.6257072892602946
158,2021-03,CA,99470.0,0.25350531563463385
159,2021-04,CA,73176.0,0.18649346513400994
160,2021-05,CA,47659.0,0.12146184616297392
161,2021-06,CA,28428.0,0.0724504786655411
162,2021-07,CA,219179.0,0.5585909477780578
163,2021-08,CA,411696.0,1.0492321747815043
164,2021-09,CA,289860.0,0.7387257543968531
165,2021-10,CA,178637.0,0.45526720688674066
166,2021-11,CA,167794.0,0.42763316509095967
167,2021-12,CA,430136.0,1.0962276309019692
168,2022-01,CA,2896206.0,7.381156290066557
169,2022-02,CA,563829.0,1.4369523334569216
170,2022-03,CA,128306.0,0.32699560699524816
171,2022-04,CA,131982.0,0.3363641154930155
172,2022-05,CA,336906.0,0.8586253329566901
173,2022-06,CA,528220.0,1.3462006416459869
174,2022-07,CA,598991.0,1.5265648187122245
175,2022-08,CA,391372.0,0.9974352306279072
176,2022-09,CA,172402.0,0.4393769320000216
177,2022-10,CA,101081.0,0.2576110466438567
178,2022-11,CA,137730.0,0.3510132414030172
179,2022-12,CA,323828.0,0.8252952583827508
180,2020-01,CO,0.0,0.0
181,2020-02,CO,0.0,0.0
182,2020-03,CO,2988.0,0.05141026371159737
183,2020-04,CO,12217.0,0.2102005327190713
184,2020-05,CO,11157.0,0.19196262122834398
185,2020-06,CO,6334.0,0.10898012394553472
186,2020-07,CO,14250.0,0.24517947051213604
187,2020-08,CO,10849.0,0.18666330354990623
188,2020-09,CO,13293.0,0.22871373343984733
189,2020-10,CO,36754.0,0.6323737725756525
190,2020-11,CO,126658.0,2.1792239562193774
191,2020-12,CO,101077.0,1.7390880941021174
192,2021-01,CO,61559.0,1.0591581070355496
193,2021-02,CO,33832.0,0.5820990769380061
194,2021-03,CO,33812.0,0.5817549654004451
195,2021-04,CO,48970.0,0.8425570997178458
196,2021-05,CO,32416.0,0.5577359800786948
197,2021-06,CO,14759.0,0.2539371091430608
198,2021-07,CO,17572.0,0.30233639690100034
199,2021-08,CO,40584.0,0.6982711320185634
200,2021-09,CO,55764.0,0.959451789027281
201,2021-10,CO,70722.0,1.2168128079690725
202,2021-11,CO,88794.0,1.5277519933090953
203,2021-12,CO,98894.0,1.701528319777346
204,2022-01,CO,325614.0,5.602376709567626
205,2022-02,CO,60935.0,1.0484218270636498
206,2022-03,CO,31598.0,0.5436618181924544
207,2022-04,CO,38456.0,0.6616576644220845
208,2022-05,CO,65206.0,1.1219068459097785
209,2022-06,CO,85999.0,1.4796624059349606
210,2022-07,CO,62560.0,1.0763808894904723
211,2022-08,CO,34517.0,0.5938848970994667
212,2022-09,CO,23740.0,0.4084603950847796
213,2022-10,CO,20046.0,0.34490299409728276
214,2022-11,CO,26224.0,0.4511990480498425
215,2022-12,CO,26521.0,0.45630910438262173
216,2020-01,CT,0.0,0.0
217,2020-02,CT,0.0,0.0
218,2020-03,CT,3127.0,0.08672627584280772
219,2020-04,CT,24572.0,0.6814960185511582
220,2020-05,CT,14501.0,0.40218027694165487
221,2020-06,CT,4313.0,0.1196195803357946
222,2020-07,CT,3296.0,0.09141343305976792
223,2020-08,CT,3069.0,0.08511766567367346
224,2020-09,CT,4671.0,0.1295485879314854
225,2020-10,CT,13657.0,0.37877222551494244
226,2020-11,CT,46088.0,1.2782349219837936
227,2020-12,CT,68413.0,1.897411163810043
228,2021-01,CT,64315.0,1.7837545349632806
229,2021-02,CT,29923.0,0.8299041739828383
230,2021-03,CT,30942.0,0.858165790575042
231,2021-04,CT,28345.0,0.786138883519151
232,2021-05,CT,8108.0,0.2248726077817349
233,2021-06,CT,2011.0,0.05577439741601738
234,2021-07,CT,4983.0,0.13820180125510423
235,2021-08,CT,18737.0,0.5196642886046333
236,2021-09,CT,17273.0,0.47906074916303737
237,2021-10,CT,12238.0,0.33941674568733
238,2021-11,CT,19109.0,0.5299815814135634
239,2021-12,CT,88496.0,2.4544063022018268
240,2022-01,CT,189212.0,5.24773012624539
241,2022-02,CT,23989.0,0.6653267128855499
242,2022-03,CT,13386.0,0.37125613317295303
243,2022-04,CT,21506.0,0.5964615568517502
244,2022-05,CT,50913.0,1.4120546472609112
245,2022-06,CT,19774.0,0.5484251290424305
246,2022-07,CT,25614.0,0.7103955322793979
247,2022-08,CT,20494.0,0.5683940828661661
248,2022-09,CT,21817.0,0.6050870355172805
249,2022-10,CT,16260.0,0.45096554051936477
250,2022-11,CT,13794.0,0.38257187367306994
251,2022-12,CT,21054.0,0.5839254913957383
252,2020-01,DE,0.0,0.0
253,2020-02,DE,0.0,0.0
254,2020-03,DE,318.0,0.03169275172815193
255,2020-04,DE,4415.0,0.4400110027666377
256,2020-05,DE,4764.0,0.47479329947457805
257,2020-06,DE,1976.0,0.19693357677618936
258,2020-07,DE,3314.0,0.33028232461350787
259,2020-08,DE,2641.0,0.26320929972971463
260,2020-09,DE,3184.0,0.31732616824665333
261,2020-10,DE,4338.0,0.43233697168780844
262,2020-11,DE,10703.0,1.0666903199572646
263,2020-12,DE,21802.0,2.1728470854627937
264,2021-01,DE,20615.0,2.0545474115592834
265,2021-02,DE,8728.0,0.8698564059223587
266,2021-03,DE,8003.0,0.7976009184918237
267,2021-04,DE,9603.0,0.9570613045454183
268,2021-05,DE,4461.0,0.44459548886567857
269,2021-06,DE,878.0,0.08750388684691006
270,2021-07,DE,1663.0,0.16573913875445492
271,2021-08,DE,8445.0,0.8416518501391291
272,2021-09,DE,13111.0,1.3066782009679245
273,2021-10,DE,11235.0,1.1197108983200847
274,2021-11,DE,8992.0,0.8961673696212018
275,2021-12,DE,27176.0,2.708434657120305
276,2022-01,DE,67745.0,6.7516524082504805
277,2022-02,DE,8510.0,0.8481299283225565
278,2022-03,DE,3026.0,0.30157945512386086
279,2022-04,DE,2814.0,0.28045095397175956
280,2022-05,DE,14178.0,1.4130183459174155
281,2022-06,DE,8407.0,0.8378646659703564
282,2022-07,DE,8995.0,0.8964663578450524
283,2022-08,DE,8697.0,0.8667668609425704
284,2022-09,DE,5975.0,0.5954848791688925
285,2022-10,DE,4670.0,0.4654250017939293
286,2022-11,DE,3573.0,0.35609497460593353
287,2022-12,DE,4932.0,0.4915366400102055
288,2020-01,DC,0.0,0.0
289,2020-02,DC,0.0,0.0
290,2020-03,DC,494.0,0.07372584135512275
291,2020-04,DC,3828.0,0.5713006492052832
292,2020-05,DC,4478.0,0.6683083351988658
293,2020-06,DC,1526.0,0.2277441981941646
294,2020-07,DC,1799.0,0.26848742631146927
295,2020-08,DC,1866.0,0.27848668009850014
296,2020-09,DC,1334.0,0.19908962017759868
297,2020-10,DC,1940.0,0.2895306320423849
298,2020-11,DC,4286.0,0.6396537571822998
299,2020-12,DC,7431.0,1.109021714797403
300,2021-01,DC,7889.0,1.1773748227744198
301,2021-02,DC,3726.0,0.5560779046339825
302,2021-03,DC,3915.0,0.5842847548690396
303,2021-04,DC,3184.0,0.4751884187747183
304,2021-05,DC,1201.0,0.17924035519737333
305,2021-06,DC,449.0,0.06700992463249011
306,2021-07,DC,1051.0,0.1568539661219312
307,2021-08,DC,5033.0,0.7511379747780016
308,2021-09,DC,5722.0,0.8539661219311991
309,2021-10,DC,3087.0,0.46071188717259903
310,2021-11,DC,2672.0,0.3987762107305425
311,2021-12,DC,27374.0,4.085366763674353
312,2022-01,DC,36602.0,5.4625774195955525
313,2022-02,DC,3676.0,0.5486157749421685
314,2022-03,DC,2034.0,0.3035594358629953
315,2022-04,DC,5345.0,0.7977016640549213
316,2022-05,DC,7695.0,1.1484217595701813
317,2022-06,DC,7164.0,1.0691739422431161
318,2022-07,DC,5717.0,0.8532199089620177
319,2022-08,DC,3647.0,0.5442877397209164
320,2022-09,DC,2348.0,0.3504216103275875
321,2022-10,DC,1195.0,0.17834489963435565
322,2022-11,DC,1608.0,0.23998209088873965
323,2022-12,DC,2309.0,0.3446011491679725
324,2020-01,FL,0.0,0.0
325,2020-02,FL,0.0,0.0
326,2020-03,FL,6740.0,0.030944219234192095
327,2020-04,FL,26941.0,0.12368964545821502
328,2020-05,FL,22472.0,0.1031718834763746
329,2020-06,FL,96271.0,0.44199271956897734
330,2020-07,FL,317952.0,1.4597591088946358
331,2020-08,FL,153085.0,0.702833204965326
332,2020-09,FL,83045.0,0.38127042823493806
333,2020-10,FL,96031.0,0.4408908482609349
334,2020-11,FL,196772.0,0.9034059209422028
335,2020-12,FL,323996.0,1.4875079013355048
336,2021-01,FL,398062.0,1.8275545692583046
337,2021-02,FL,187844.0,0.8624163082830237
338,2021-03,FL,148514.0,0.6818471476775675
339,2021-04,FL,175783.0,0.8070426839234405
340,2021-05,FL,87300.0,0.40080568830044067
341,2021-06,FL,9049.0,0.041545139443650486
342,2021-07,FL,260840.0,1.1975504666241343
343,2021-08,FL,659755.0,3.02902127015644
344,2021-09,FL,320298.0,1.4705299009307506
345,2021-10,FL,78191.0,0.35898508102977955
346,2021-11,FL,42477.0,0.19501744813216285
347,2021-12,FL,474972.0,2.180658412181408
348,2022-01,FL,1369411.0,6.287144540907156
349,2022-02,FL,270707.0,1.2428511507760296
350,2022-03,FL,43439.0,0.199434115625233
351,2022-04,FL,75719.0,0.3476358065569423
352,2022-05,FL,234034.0,1.0744806237766933
353,2022-06,FL,322593.0,1.4810665453139067
354,2022-07,FL,307203.0,1.4104090476856845
355,2022-08,FL,235850.0,1.0828181166742146
356,2022-09,FL,93150.0,0.4276638014339753
357,2022-10,FL,30802.0,0.14141600012634792
358,2022-11,FL,46643.0,0.2141440975875997
359,2022-12,FL,73485.0,0.3373792211312472
360,2020-01,GA,0.0,0.0
361,2020-02,GA,0.0,0.0
362,2020-03,GA,4114.0,0.03809412341199637
363,2020-04,GA,21315.0,0.19736904242263067
364,2020-05,GA,19620.0,0.18167396726868468
365,2020-06,GA,32229.0,0.29842865907759625
366,2020-07,GA,94062.0,0.8709794449147308
367,2020-08,GA,82896.0,0.7675864011572316
368,2020-09,GA,47247.0,0.4374898028309656
369,2020-10,GA,71146.0,0.6587857326859246
370,2020-11,GA,81697.0,0.7564841031574787
371,2020-12,GA,189737.0,1.7568946752119483
372,2021-01,GA,241184.0,2.233274929751807
373,2021-02,GA,96595.0,0.8944340911477369
374,2021-03,GA,53342.0,0.4939272559656564
375,2021-04,GA,40649.0,0.376394755122567
376,2021-05,GA,23334.0,0.21606423813697698
377,2021-06,GA,10925.0,0.10116147259991744
378,2021-07,GA,43400.0,0.40186800099189174
379,2021-08,GA,219111.0,2.0288870867588567
380,2021-09,GA,171776.0,1.5905824363682763
381,2021-10,GA,53640.0,0.49668662611071596
382,2021-11,GA,31968.0,0.29601189529282934
383,2021-12,GA,168508.0,1.560321961086214
384,2022-01,GA,503667.0,4.663770747824496
385,2022-02,GA,92886.0,0.8600901184362408
386,2022-03,GA,34502.0,0.31947580115719465
387,2022-04,GA,15924.0,0.14745036976485906
388,2022-05,GA,39821.0,0.3687277803570995
389,2022-06,GA,88071.0,0.8155049934414031
390,2022-07,GA,99185.0,0.9184165363682207
391,2022-08,GA,115729.0,1.071607877575821
392,2022-09,GA,32876.0,0.3044196405670376
393,2022-10,GA,14413.0,0.13345906678101693
394,2022-11,GA,21862.0,0.202434060776146
395,2022-12,GA,41151.0,0.38104309006491555
396,2020-01,HI,0.0,0.0
397,2020-02,HI,0.0,0.0
398,2020-03,HI,223.0,0.01546942776297507
399,2020-04,HI,385.0,0.026707308021279828
400,2020-05,HI,33.0,0.0022891978303954136
401,2020-06,HI,259.0,0.017966734487042793
402,2020-07,HI,1187.0,0.0823417522630108
403,2020-08,HI,6359.0,0.44112148495407383
404,2020-09,HI,4108.0,0.28497044506861696
405,2020-10,HI,2652.0,0.18396826200632235
406,2020-11,HI,2799.0,0.19416559779626555
407,2020-12,HI,3453.0,0.2395333366168292
408,2021-01,HI,4327.0,0.3001623943066956
409,2021-02,HI,1687.0,0.11702656787506252
410,2021-03,HI,2306.0,0.15996636960278254
411,2021-04,HI,2988.0,0.2072764580976211
412,2021-05,HI,2268.0,0.15733032361626662
413,2021-06,HI,1356.0,0.09406521993988427
414,2021-07,HI,4252.0,0.29495967196488787
415,2021-08,HI,20710.0,1.4366450626511824
416,2021-09,HI,15431.0,1.0704427794191402
417,2021-10,HI,4802.0,0.33311296913814475
418,2021-11,HI,3174.0,0.22017920950530434
419,2021-12,HI,24816.0,1.7214767684573513
420,2022-01,HI,104673.0,7.26112740912058
421,2022-02,HI,16209.0,1.1244123525114929
422,2022-03,HI,4201.0,0.2914218207724586
423,2022-04,HI,7296.0,0.5061208294110587
424,2022-05,HI,25647.0,1.7791229320045812
425,2022-06,HI,33644.0,2.3338718729037367
426,2022-07,HI,16539.0,1.147304330815447
427,2022-08,HI,13310.0,0.9233097915928169
428,2022-09,HI,16238.0,1.1264240718169918
429,2022-10,HI,5748.0,0.39873664027614664
430,2022-11,HI,5377.0,0.3730005070920043
431,2022-12,HI,4730.0,0.3281183556900093
432,2020-01,ID,0.0,0.0
433,2020-02,ID,0.0,0.0
434,2020-03,ID,525.0,0.027618162334823664
435,2020-04,ID,1490.0,0.07838297500740429
436,2020-05,ID,839.0,0.04413645371222296
437,2020-06,ID,3269.0,0.17196909080483533
438,2020-07,ID,14729.0,0.7748341200564147
439,2020-08,ID,11403.0,0.5998664859123699
440,2020-09,ID,10293.0,0.5414737998330285
441,2020-10,ID,22248.0,1.1703788107145845
442,2020-11,ID,37361.0,1.9654136437930416
443,2020-12,ID,39230.0,2.063734301705014
444,2021-01,ID,21374.0,1.1244011461800398
445,2021-02,ID,8447.0,0.444363080461439
446,2021-03,ID,9434.0,0.4962852256509075
447,2021-04,ID,7083.0,0.3726084644143924
448,2021-05,ID,4358.0,0.22925705039078384
449,2021-06,ID,2990.0,0.1572920102497576
450,2021-07,ID,5490.0,0.28880706898701314
451,2021-08,ID,20899.0,1.0994132850199614
452,2021-09,ID,35909.0,1.8890296976784435
453,2021-10,ID,33999.0,1.7885521928031805
454,2021-11,ID,15502.0,0.8154985762179741
455,2021-12,ID,12569.0,0.6612051093074259
456,2022-01,ID,60960.0,3.206863192249239
457,2022-02,ID,45854.0,2.4121966013352463
458,2022-03,ID,17834.0,0.9381758230080861
459,2022-04,ID,2048.0,0.10773713611755974
460,2022-05,ID,4962.0,0.26103108858170476
461,2022-06,ID,12036.0,0.633166098784643
462,2022-07,ID,15634.0,0.8224425713193012
463,2022-08,ID,10741.0,0.5650412983587447
464,2022-09,ID,6468.0,0.3402557599650275
465,2022-10,ID,4012.0,0.21105536626154767
466,2022-11,ID,6329.0,0.3329435226992361
467,2022-12,ID,5402.0,0.28417773891946174
468,2020-01,IL,1.0,7.891744832426296e-06
469,2020-02,IL,1.0,7.891744832426296e-06
470,2020-03,IL,5989.0,0.047263659801401084
471,2020-04,IL,46926.0,0.37032801800643633
472,2020-05,IL,67670.0,0.5340343728102874
473,2020-06,IL,24073.0,0.18997797335099822
474,2020-07,IL,36040.0,0.2844184837606437
475,2020-08,IL,56981.0,0.44967951229648273
476,2020-09,IL,59253.0,0.4676095565557553
477,2020-10,IL,119622.0,0.9440263003444983
478,2020-11,IL,311268.0,2.4564476304996683
479,2020-12,IL,238015.0,1.8783536462899448
480,2021-01,IL,162910.0,1.2856441506505678
481,2021-02,IL,61172.0,0.48275381488918134
482,2021-03,IL,58211.0,0.45938635844036707
483,2021-04,IL,90554.0,0.7146290615555307
484,2021-05,IL,47502.0,0.3748736630299139
485,2021-06,IL,9674.0,0.07634473950889198
486,2021-07,IL,27711.0,0.21868814105136508
487,2021-08,IL,103774.0,0.8189579282402064
488,2021-09,IL,105305.0,0.8310401895786511
489,2021-10,IL,68254.0,0.5386431517924244
490,2021-11,IL,114214.0,0.9013477442907369
491,2021-12,IL,338937.0,2.6748043182680714
492,2022-01,IL,771632.0,6.089522848534767
493,2022-02,IL,111015.0,0.8761020525718052
494,2022-03,IL,37125.0,0.2929810269038262
495,2022-04,IL,70517.0,0.556502170348205
496,2022-05,IL,163886.0,1.2933464936070158
497,2022-06,IL,128566.0,1.0146100661257191
498,2022-07,IL,133119.0,1.050541180347756
499,2022-08,IL,124137.0,0.9796575282629031
500,2022-09,IL,74838.0,0.5906023997691191
501,2022-10,IL,52550.0,0.41471119094400183
502,2022-11,IL,62890.0,0.49631183251128974
503,2022-12,IL,92507.0,0.7300416392132594
504,2020-01,IN,0.0,0.0
505,2020-02,IN,0.0,0.0
506,2020-03,IN,2176.0,0.03197186006140184
507,2020-04,IN,15922.0,0.2339411562029596
508,2020-05,IN,17330.0,0.2546288303603373
509,2020-06,IN,11311.0,0.16619196192762695
510,2020-07,IN,21060.0,0.30943353533691303
511,2020-08,IN,28477.0,0.4184111484230424
512,2020-09,IN,26018.0,0.38228118339961076
513,2020-10,IN,59542.0,0.8748476524705828
514,2020-11,IN,159857.0,2.3487709714317617
515,2020-12,IN,172761.0,2.5383688033400014
516,2021-01,IN,115338.0,1.694655512758256
517,2021-02,IN,35087.0,0.5155315505397088
518,2021-03,IN,24905.0,0.36592792960901327
519,2021-04,IN,33956.0,0.4989138236419857
520,2021-05,IN,23291.0,0.34221350767008746
521,2021-06,IN,10247.0,0.15055866270642676
522,2021-07,IN,17383.0,0.2554075567313181
523,2021-08,IN,87275.0,1.2823272457991017
524,2021-09,IN,104262.0,1.5319163941736575
525,2021-10,IN,56003.0,0.8228493010196173
526,2021-11,IN,82602.0,1.2136670885992256
527,2021-12,IN,145761.0,2.1416591426516516
528,2022-01,IN,376759.0,5.535701298195632
529,2022-02,IN,58352.0,0.8573630414995037
530,2022-03,IN,9172.0,0.1347637410308721
531,2022-04,IN,7444.0,0.10937432274681769
532,2022-05,IN,28469.0,0.41829360481987543
533,2022-06,IN,41422.0,0.6086113912975124
534,2022-07,IN,56551.0,0.8309010378365512
535,2022-08,IN,67065.0,0.9853827182986739
536,2022-09,IN,26194.0,0.384867142669283
537,2022-10,IN,15572.0,0.22879862356440692
538,2022-11,IN,28192.0,0.4142236575602209
539,2022-12,IN,37003.0,0.5436832434981858
540,2020-01,IA,0.0,0.0
541,2020-02,IA,0.0,0.0
542,2020-03,IA,495.0,0.015502278521765356
543,2020-04,IA,6647.0,0.20816898047307944
544,2020-05,IA,12476.0,0.39072005421726175
545,2020-06,IA,9531.0,0.29848932644635473
546,2020-07,IA,15601.0,0.4885879741779016
547,2020-08,IA,20499.0,0.6419822372074101
548,2020-09,IA,23996.0,0.7515003543601646
549,2020-10,IA,39550.0,1.2386163950218583
550,2020-11,IA,101836.0,3.1892727990757512
551,2020-12,IA,51078.0,1.5996472370398602
552,2021-01,IA,37696.0,1.1805533154676098
553,2021-02,IA,17047.0,0.5338734181020889
554,2021-03,IA,14947.0,0.4681061758885389
555,2021-04,IA,13439.0,0.42087903243233254
556,2021-05,IA,6583.0,0.20616464547228552
557,2021-06,IA,2437.0,0.0763213187021054
558,2021-07,IA,5936.0,0.18590207132363465
559,2021-08,IA,24950.0,0.7813774729657488
560,2021-09,IA,47310.0,1.4816420138681192
561,2021-10,IA,34075.0,1.0671517992508173
562,2021-11,IA,39326.0,1.2316012225190796
563,2021-12,IA,50043.0,1.5672333819488964
564,2022-01,IA,136787.0,4.283858933649935
565,2022-02,IA,36561.0,1.1450076869379053
566,2022-03,IA,9614.0,0.30108869840050934
567,2022-04,IA,5319.0,0.16657902920660592
568,2022-05,IA,15282.0,0.47859761690831953
569,2022-06,IA,17547.0,0.5495322852957913
570,2022-07,IA,20548.0,0.6435168061923929
571,2022-08,IA,25488.0,0.7982264140661725
572,2022-09,IA,13449.0,0.4211922097762066
573,2022-10,IA,6829.0,0.2138688081315871
574,2022-11,IA,10670.0,0.3341602259136088
575,2022-12,IA,12816.0,0.4013680839089794
576,2020-01,KS,0.0,0.0
577,2020-02,KS,0.0,0.0
578,2020-03,KS,434.0,0.014789159069332532
579,2020-04,KS,3870.0,0.13187568110211267
580,2020-05,KS,5573.0,0.18990779606771935
581,2020-06,KS,4751.0,0.16189699248479
582,2020-07,KS,13492.0,0.45975883447795973
583,2020-08,KS,15286.0,0.5208919021516523
584,2020-09,KS,17550.0,0.5980408794165575
585,2020-10,KS,25814.0,0.8796482769948156
586,2020-11,KS,73657.0,2.509965644170107
587,2020-12,KS,65027.0,2.215886282952734
588,2021-01,KS,52178.0,1.7780385758516886
589,2021-02,KS,19165.0,0.653074270884235
590,2021-03,KS,7859.0,0.26780645420710686
591,2021-04,KS,6556.0,0.22340490059572368
592,2021-05,KS,4647.0,0.1583530465326919
593,2021-06,KS,3724.0,0.12690052620782108
594,2021-07,KS,14575.0,0.49666357934451993
595,2021-08,KS,35969.0,1.2256941533751655
596,2021-09,KS,39913.0,1.3600914883278095
597,2021-10,KS,25660.0,0.8744005108734395
598,2021-11,KS,30639.0,1.044066923330137
599,2021-12,KS,54160.0,1.8455780073618662
600,2022-01,KS,210536.0,7.174309663182013
601,2022-02,KS,35956.0,1.2252511601311533
602,2022-03,KS,4016.0,0.13685083599640427
603,2022-04,KS,5655.0,0.19270206114533517
604,2022-05,KS,10121.0,0.34488727866524094
605,2022-06,KS,20778.0,0.7080395095451414
606,2022-07,KS,28105.0,0.9577173171511308
607,2022-08,KS,29204.0,0.9951672844718601
608,2022-09,KS,14151.0,0.482215184309043
609,2022-10,KS,9300.0,0.31691055148569713
610,2022-11,KS,13760.0,0.4688913105852895
611,2022-12,KS,15009.0,0.5114527384138524
612,2020-01,KY,0.0,0.0
613,2020-02,KY,0.0,0.0
614,2020-03,KY,589.0,0.013061622027261313
615,2020-04,KY,4118.0,0.09132047454713427
616,2020-05,KY,5229.0,0.115957931376145
617,2020-06,KY,5979.0,0.13258987793038265
618,2020-07,KY,15065.0,0.3340803664527872
619,2020-08,KY,19903.0,0.4413675096919897
620,2020-09,KY,21946.0,0.48667293210573304
621,2020-10,KY,36414.0,0.807514269101347
622,2020-11,KY,74011.0,1.6412626619009116
623,2020-12,KY,85573.0,1.8976607499810396
624,2021-01,KY,98029.0,2.173884118353819
625,2021-02,KY,41535.0,0.9210772001736819
626,2021-03,KY,21724.0,0.4817498759256787
627,2021-04,KY,17357.0,0.3849075951225375
628,2021-05,KY,12587.0,0.279128415037586
629,2021-06,KY,5882.0,0.13043881284270126
630,2021-07,KY,17777.0,0.3942214851929106
631,2021-08,KY,95974.0,2.1283125847952076
632,2021-09,KY,117168.0,2.598309218489225
633,2021-10,KY,52021.0,1.1536139889306634
634,2021-11,KY,41726.0,0.9253128025628278
635,2021-12,KY,73991.0,1.640819143326132
636,2022-01,KY,307912.0,6.828234569877904
637,2022-02,KY,115517.0,2.561696760141163
638,2022-03,KY,34421.0,0.7633176431245529
639,2022-04,KY,14600.0,0.3237685595891599
640,2022-05,KY,30418.0,0.6745474003824017
641,2022-06,KY,45654.0,1.0124198506495552
642,2022-07,KY,57287.0,1.2703924296701508
643,2022-08,KY,81103.0,1.7985343485177832
644,2022-09,KY,41234.0,0.9144022456232478
645,2022-10,KY,26203.0,0.581075860747586
646,2022-11,KY,20270.0,0.44950607553919664
647,2022-12,KY,20859.0,0.46256769756645794
648,2020-01,LA,0.0,0.0
649,2020-02,LA,0.0,0.0
650,2020-03,LA,5236.0,0.11323414316506732
651,2020-04,LA,22807.0,0.49322595553202636
652,2020-05,LA,11977.0,0.25901553336287453
653,2020-06,LA,18182.0,0.3932053458799186
654,2020-07,LA,58191.0,1.2584430910844981
655,2020-08,LA,32500.0,0.7028475272850817
656,2020-09,LA,18564.0,0.40146650758523866
657,2020-10,LA,19191.0,0.4150260583424001
658,2020-11,LA,45765.0,0.989717448806208
659,2020-12,LA,82861.0,1.7919584294882815
660,2021-01,LA,85351.0,1.8458073631172
661,2021-02,LA,29474.0,0.6374070159754
662,2021-03,LA,14833.0,0.3207796114529113
663,2021-04,LA,13648.0,0.29515270930420906
664,2021-05,LA,12104.0,0.26176204523872704
665,2021-06,LA,10782.0,0.23317237043654618
666,2021-07,LA,60212.0,1.302149394242749
667,2021-08,LA,138117.0,2.986928982339496
668,2021-09,LA,60737.0,1.3135030850681233
669,2021-10,LA,17938.0,0.3879285829058398
670,2021-11,LA,12423.0,0.26866076404500217
671,2021-12,LA,57801.0,1.250008920757077
672,2022-01,LA,341517.0,7.385673199255977
673,2022-02,LA,55425.0,1.198625359993097
674,2022-03,LA,6785.0,0.14673293761936243
675,2022-04,LA,5589.0,0.12086814861527143
676,2022-05,LA,21719.0,0.46969678292629813
677,2022-06,LA,48862.0,1.0566934116370357
678,2022-07,LA,69074.0,1.4937996953750687
679,2022-08,LA,53345.0,1.1536431182468518
680,2022-09,LA,24279.0,0.5250595419985999
681,2022-10,LA,6143.0,0.13284899569576175
682,2022-11,LA,11659.0,0.2521384406343621
683,2022-12,LA,41021.0,0.8871233359003488
684,2020-01,ME,0.0,0.0
685,2020-02,ME,0.0,0.0
686,2020-03,ME,302.0,0.022007699779995876
687,2020-04,ME,792.0,0.05771555703892958
688,2020-05,ME,1230.0,0.08963400903773154
689,2020-06,ME,928.0,0.06762630925773568
690,2020-07,ME,659.0,0.04802342435436186
691,2020-08,ME,614.0,0.044744131340786315
692,2020-09,ME,865.0,0.06303529903872991
693,2020-10,ME,1277.0,0.093059048407466
694,2020-11,ME,5089.0,0.37085160324635436
695,2020-12,ME,12444.0,0.9068338280207572
696,2021-01,ME,15123.0,1.1020610720956212
697,2021-02,ME,5310.0,0.3869565756019142
698,2021-03,ME,5870.0,0.4277655553264099
699,2021-04,ME,10709.0,0.7803988640529
700,2021-05,ME,6567.0,0.4785581604477911
701,2021-06,ME,1253.0,0.09131009213355905
702,2021-07,ME,1430.0,0.10420864465362285
703,2021-08,ME,5393.0,0.39300504938250913
704,2021-09,ME,14133.0,1.0299166257969592
705,2021-10,ME,14270.0,1.0399002511938449
706,2021-11,ME,15403.0,1.1224655619578692
707,2021-12,ME,27074.0,1.9729684233232063
708,2022-01,ME,27489.0,2.003210792226181
709,2022-02,ME,51925.0,3.783939771775781
710,2022-03,ME,9640.0,0.7024974366859611
711,2022-04,ME,9290.0,0.6769918243581513
712,2022-05,ME,17822.0,1.2987457797320745
713,2022-06,ME,7024.0,0.5118612028301027
714,2022-07,ME,6071.0,0.4424130641203807
715,2022-08,ME,6811.0,0.4963392158991785
716,2022-09,ME,6918.0,0.5041366459536804
717,2022-10,ME,7520.0,0.5480062991575132
718,2022-11,ME,4314.0,0.3143748902347755
719,2022-12,ME,5087.0,0.3707058568901954
720,2020-01,MD,0.0,0.0
721,2020-02,MD,0.0,0.0
722,2020-03,MD,1659.0,0.02690941260109886
723,2020-04,MD,20163.0,0.3270491177070261
724,2020-05,MD,31631.0,0.5130630681044954
725,2020-06,MD,14696.0,0.23837295213125306
726,2020-07,MD,20755.0,0.3366515120770385
727,2020-08,MD,19835.0,0.3217288721776949
728,2020-09,MD,16475.0,0.26722879602357064
729,2020-10,MD,20376.0,0.33050403324893934
730,2020-11,MD,53117.0,0.861571590797208
731,2020-12,MD,78124.0,1.2671916516264299
732,2021-01,MD,77815.0,1.2621795910515416
733,2021-02,MD,27632.0,0.4481982453246315
734,2021-03,MD,29248.0,0.47441018671304364
735,2021-04,MD,36061.0,0.5849188232719866
736,2021-05,MD,12516.0,0.2030127836741129
737,2021-06,MD,2390.0,0.03876642321677292
738,2021-07,MD,6271.0,0.10171725522693847
739,2021-08,MD,28458.0,0.46159618071252034
740,2021-09,MD,35345.0,0.573305116567715
741,2021-10,MD,28931.0,0.46926836405207417
742,2021-11,MD,24875.0,0.4034789864088813
743,2021-12,MD,114413.0,1.8558086943517322
744,2022-01,MD,254748.0,4.132078988128229
745,2022-02,MD,47005.0,0.7624333570311344
746,2022-03,MD,9641.0,0.1563795339886643
747,2022-04,MD,19614.0,0.31814419454970044
748,2022-05,MD,54098.0,0.877483666602921
749,2022-06,MD,48893.0,0.7930572093463089
750,2022-07,MD,44886.0,0.7280626244803636
751,2022-08,MD,43706.0,0.7089227167833796
752,2022-09,MD,26924.0,0.436714300706441
753,2022-10,MD,18529.0,0.30054521162493114
754,2022-11,MD,19749.0,0.3203339297523215
755,2022-12,MD,29928.0,0.4854399640299497
756,2020-01,MA,0.0,0.0
757,2020-02,MA,0.0,0.0
758,2020-03,MA,6619.0,0.09476395842755683
759,2020-04,MA,55585.0,0.7958082231750636
760,2020-05,MA,34760.0,0.49765753058496376
761,2020-06,MA,11917.0,0.17061521265768162
762,2020-07,MA,8730.0,0.12498706104737439
763,2020-08,MA,10921.0,0.15635552046945886
764,2020-09,MA,3583.0,0.05129766778152835
765,2020-10,MA,26460.0,0.3788267623497739
766,2020-11,MA,67556.0,0.9671965516742754
767,2020-12,MA,149046.0,2.1338856243833866
768,2021-01,MA,148847.0,2.1310365493377477
769,2021-02,MA,57123.0,0.8178277076986445
770,2021-03,MA,54432.0,0.779300768262392
771,2021-04,MA,53393.0,0.7644254467929509
772,2021-05,MA,17972.0,0.2573044056292569
773,2021-06,MA,3021.0,0.04325153624560344
774,2021-07,MA,9814.0,0.14050664571809077
775,2021-08,MA,40089.0,0.573952610575967
776,2021-09,MA,52082.0,0.7456559121958022
777,2021-10,MA,39971.0,0.5722632092926233
778,2021-11,MA,67175.0,0.9617417899034794
779,2021-12,MA,221517.0,3.171450034596934
780,2022-01,MA,470980.0,6.743001834145749
781,2022-02,MA,59698.0,0.8546938797716102
782,2022-03,MA,27469.0,0.3932725750183651
783,2022-04,MA,58342.0,0.8352800819731864
784,2022-05,MA,113733.0,1.6283108149027528
785,2022-06,MA,53866.0,0.7711973688863538
786,2022-07,MA,42217.0,0.6044191015162663
787,2022-08,MA,38331.0,0.5487833948461521
788,2022-09,MA,45692.0,0.6541705376147343
789,2022-10,MA,35696.0,0.5110582051714864
790,2022-11,MA,23081.0,0.33044975441402613
791,2022-12,MA,45167.0,0.6466541335998579
792,2020-01,MI,0.0,0.0
793,2020-02,MI,0.0,0.0
794,2020-03,MI,7627.0,0.07588442365496675
795,2020-04,MI,33719.0,0.33548536531032175
796,2020-05,MI,16007.0,0.15926078005048547
797,2020-06,MI,13495.0,0.13426777202357104
798,2020-07,MI,19902.0,0.19801387171642168
799,2020-08,MI,22411.0,0.22297703140572436
800,2020-09,MI,24911.0,0.2478506460821918
801,2020-10,MI,59090.0,0.5879127564929835
802,2020-11,MI,190938.0,1.899727295638133
803,2020-12,MI,138566.0,1.3786549165037527
804,2021-01,MI,81233.0,0.8082233364053906
805,2021-02,MI,36663.0,0.36477653395332976
806,2021-03,MI,100259.0,0.9975214935391781
807,2021-04,MI,189753.0,1.8879372022814875
808,2021-05,MI,55623.0,0.5534180276596585
809,2021-06,MI,8407.0,0.08364499143402458
810,2021-07,MI,11005.0,0.1094936518058095
811,2021-08,MI,49154.0,0.48905506232283147
812,2021-09,MI,89538.0,0.8908534843606153
813,2021-10,MI,124410.0,1.2378105607597238
814,2021-11,MI,199575.0,1.9856606596223927
815,2021-12,MI,234067.0,2.328836946590678
816,2022-01,MI,546333.0,5.435710610815386
817,2022-02,MI,102084.0,1.0156792322529993
818,2022-03,MI,27028.0,0.26891362299022437
819,2022-04,MI,44146.0,0.439228237402932
820,2022-05,MI,101885.0,1.0136992925247525
821,2022-06,MI,78600.0,0.7820264454281352
822,2022-07,MI,65881.0,0.6554794434001395
823,2022-08,MI,98047.0,0.9755133192734398
824,2022-09,MI,65808.0,0.6547531338515867
825,2022-10,MI,50009.0,0.49756183854218333
826,2022-11,MI,52267.0,0.5200276873179687
827,2022-12,MI,41061.0,0.4085341968921712
828,2020-01,MN,0.0,0.0
829,2020-02,MN,0.0,0.0
830,2020-03,MN,628.0,0.01100327820597506
831,2020-04,MN,4507.0,0.07896779438587516
832,2020-05,MN,19724.0,0.3455870371570893
833,2020-06,MN,11478.0,0.20110768670092635
834,2020-07,MN,18165.0,0.31827157422219265
835,2020-08,MN,21410.0,0.37512768533427715
836,2020-09,MN,23274.0,0.4077870970794006
837,2020-10,MN,49339.0,0.8644757060582858
838,2020-11,MN,170296.0,2.983780677332371
839,2020-12,MN,96539.0,1.6914736858704242
840,2021-01,MN,46514.0,0.8149784752750382
841,2021-02,MN,22787.0,0.39925430012667784
842,2021-03,MN,34945.0,0.6122763645028638
843,2021-04,MN,56298.0,0.986405344649656
844,2021-05,MN,25572.0,0.44805068516432206
845,2021-06,MN,3981.0,0.06975167283118903
846,2021-07,MN,7336.0,0.12853510974368318
847,2021-08,MN,37263.0,0.652890375460587
848,2021-09,MN,61140.0,1.0712427221549605
849,2021-10,MN,76477.0,1.3399645021629851
850,2021-11,MN,124820.0,2.186989149155744
851,2021-12,MN,109858.0,1.9248377980127518
852,2022-01,MN,299551.0,5.248476098531904
853,2022-02,MN,91853.0,1.6093696067729732
854,2022-03,MN,16024.0,0.28075880568876493
855,2022-04,MN,23037.0,0.40363458603669977
856,2022-05,MN,54661.0,0.9577232325108325
857,2022-06,MN,45683.0,0.8004184049101253
858,2022-07,MN,37403.0,0.6553433355701993
859,2022-08,MN,40255.0,0.7053136372317294
860,2022-09,MN,33978.0,0.595333418602899
861,2022-10,MN,21251.0,0.3723418234955032
862,2022-11,MN,21920.0,0.3840634685907219
863,2022-12,MN,28925.0,0.506799079789536
864,2020-01,MS,0.0,0.0
865,2020-02,MS,0.0,0.0
866,2020-03,MS,936.0,0.03172919000733907
867,2020-04,MS,5878.0,0.19925660134950754
868,2020-05,MS,8686.0,0.29444417137152473
869,2020-06,MS,11747.0,0.3982081143335599
870,2020-07,MS,31499.0,1.067775380385869
871,2020-08,MS,24203.0,0.8204504121235336
872,2020-09,MS,15240.0,0.5166162988374439
873,2020-10,MS,21970.0,0.7447545987833754
874,2020-11,MS,33110.0,1.1223861978023468
875,2020-12,MS,62541.0,2.1200590515480693
876,2021-01,MS,59190.0,2.0064644834769227
877,2021-02,MS,19794.0,0.6709910117577667
878,2021-03,MS,10351.0,0.35088551898073367
879,2021-04,MS,6754.0,0.22895186892047872
880,2021-05,MS,5813.0,0.19705318537677566
881,2021-06,MS,4051.0,0.1373236631621053
882,2021-07,MS,21741.0,0.7369917948179047
883,2021-08,MS,93217.0,3.1599357958484253
884,2021-09,MS,51672.0,1.7516140022000262
885,2021-10,MS,15924.0,0.5398030146120377
886,2021-11,MS,9853.0,0.33400396275888017
887,2021-12,MS,29566.0,1.00224917922755
888,2022-01,MS,183681.0,6.226548450574837
889,2022-02,MS,62522.0,2.119414976109886
890,2022-03,MS,4618.0,0.15654423018578187
891,2022-04,MS,3017.0,0.10227239984203203
892,2022-05,MS,10763.0,0.3648517863771265
893,2022-06,MS,26782.0,0.9078751781800801
894,2022-07,MS,40012.0,1.3563550753991997
895,2022-08,MS,37917.0,1.2853372836626875
896,2022-09,MS,14416.0,0.48868376404465813
897,2022-10,MS,5600.0,0.18983276072766966
898,2022-11,MS,6958.0,0.23586720520412954
899,2022-12,MS,15122.0,0.5126162513792537
900,2020-01,MO,0.0,0.0
901,2020-02,MO,0.0,0.0
902,2020-03,MO,1349.0,0.0218702837640947
903,2020-04,MO,6213.0,0.10072651818111221
904,2020-05,MO,5734.0,0.09296086516183767
905,2020-06,MO,8978.0,0.14555330439884523
906,2020-07,MO,28799.0,0.466895702092041
907,2020-08,MO,35254.0,0.5715455773309077
908,2020-09,MO,43737.0,0.7090738332025277
909,2020-10,MO,59860.0,0.9704634441206144
910,2020-11,MO,125056.0,2.0274352901427926
911,2020-12,MO,103656.0,1.6804937982587105
912,2021-01,MO,80893.0,1.3114550515410768
913,2021-02,MO,25070.0,0.40644033652027733
914,2021-03,MO,64300.0,1.0424456975769378
915,2021-04,MO,12010.0,0.19470875315550581
916,2021-05,MO,18369.0,0.2978022553466683
917,2021-06,MO,15454.0,0.25054363624189735
918,2021-07,MO,60993.0,0.9888318885273744
919,2021-08,MO,79138.0,1.2830026067627327
920,2021-09,MO,62277.0,1.0096483780404193
921,2021-10,MO,35254.0,0.5715455773309077
922,2021-11,MO,49966.0,0.8100597468915907
923,2021-12,MO,100949.0,1.6366073207572986
924,2022-01,MO,322477.0,5.22806782608893
925,2022-02,MO,67468.0,1.0938060081511796
926,2022-03,MO,14903.0,0.24161070343684457
927,2022-04,MO,5450.0,0.08835659489571247
928,2022-05,MO,37722.0,0.6115573344323056
929,2022-06,MO,45904.0,0.7442057123106027
930,2022-07,MO,65720.0,1.065467048907564
931,2022-08,MO,45090.0,0.7310089658436101
932,2022-09,MO,40458.0,0.655913966291878
933,2022-10,MO,16332.0,0.2647779647406929
934,2022-11,MO,26264.0,0.4257977263010995
935,2022-12,MO,32394.0,0.5251786302847173
936,2020-01,MT,0.0,0.0
937,2020-02,MT,0.0,0.0
938,2020-03,MT,194.0,0.017568151296194504
939,2020-04,MT,254.0,0.023001600150687647
940,2020-05,MT,63.0,0.005705121297217802
941,2020-06,MT,452.0,0.04093198137051503
942,2020-07,MT,3010.0,0.27257801753373945
943,2020-08,MT,3463.0,0.3136005563851627
944,2020-09,MT,5739.0,0.5197093829322693
945,2020-10,MT,19622.0,1.7769188903810749
946,2020-11,MT,29455.0,2.6673706001515933
947,2020-12,MT,19445.0,1.7608902162603202
948,2021-01,MT,12260.0,1.110234715934766
949,2021-02,MT,6038.0,0.5467860697238268
950,2021-03,MT,4678.0,0.4236278956886489
951,2021-04,MT,4254.0,0.385231523783564
952,2021-05,MT,2997.0,0.2714007702819326
953,2021-06,MT,1934.0,0.1751381680764957
954,2021-07,MT,2618.0,0.23707948501771758
955,2021-08,MT,10768.0,0.9751229544197031
956,2021-09,MT,23936.0,2.167583863019132
957,2021-10,MT,24856.0,2.2508967454546935
958,2021-11,MT,15182.0,1.3748436751485822
959,2021-12,MT,6562.0,0.5942381897197336
960,2022-01,MT,45146.0,4.088308033082459
961,2022-02,MT,23931.0,2.167131075614591
962,2022-03,MT,5937.0,0.5376397641520967
963,2022-04,MT,1423.0,0.12886329533239577
964,2022-05,MT,3666.0,0.33198372500953116
965,2022-06,MT,7732.0,0.70019044238235
966,2022-07,MT,11272.0,1.0207639247974456
967,2022-08,MT,7607.0,0.6888707572688226
968,2022-09,MT,6412.0,0.5806545675835008
969,2022-10,MT,3901.0,0.3532647330229627
970,2022-11,MT,3549.0,0.32138849974326955
971,2022-12,MT,4885.0,0.4423732942366502
972,2020-01,NE,0.0,0.0
973,2020-02,NE,3.0,0.0001527734491967172
974,2020-03,NE,186.0,0.009471953850196467
975,2020-04,NE,4133.0,0.21047088851001072
976,2020-05,NE,9769.0,0.4974812750675768
977,2020-06,NE,5093.0,0.25935839225296026
978,2020-07,NE,7017.0,0.35733709767112154
979,2020-08,NE,8076.0,0.41126612523756273
980,2020-09,NE,11277.0,0.5742753955304599
981,2020-10,NE,25197.0,1.2831441998032278
982,2020-11,NE,58282.0,2.967980722027691
983,2020-12,NE,38752.0,1.9734255677570618
984,2021-01,NE,23968.0,1.2205580101156392
985,2021-02,NE,9535.0,0.48556494603023287
986,2021-03,NE,8304.0,0.42287690737651323
987,2021-04,NE,10224.0,0.5206519148624122
988,2021-05,NE,3850.0,0.19605925980245376
989,2021-06,NE,1077.0,0.054845668261621475
990,2021-07,NE,3697.0,0.18826781389342118
991,2021-08,NE,15804.0,0.8048105303683062
992,2021-09,NE,22195.0,1.1302689016403795
993,2021-10,NE,17364.0,0.8842527239505992
994,2021-11,NE,26015.0,1.324800426950866
995,2021-12,NE,28429.0,1.4477321290711578
996,2022-01,NE,101069.0,5.146886578954337
997,2022-02,NE,36202.0,1.8435681359398521
998,2022-03,NE,2303.0,0.11727908450001324
999,2022-04,NE,2158.0,0.10989503445550525
1000,2022-05,NE,7115.0,0.36232769701154766
1001,2022-06,NE,12952.0,0.6595739046652938
1002,2022-07,NE,15802.0,0.8047086814021751
1003,2022-08,NE,13950.0,0.710396538764735
1004,2022-09,NE,7658.0,0.38997969131615345
1005,2022-10,NE,2879.0,0.14661158674578295
1006,2022-11,NE,2591.0,0.1319453356228981
1007,2022-12,NE,13711.0,0.6982255873120632
1008,2020-01,NV,0.0,0.0
1009,2020-02,NV,0.0,0.0
1010,2020-03,NV,1111.0,0.035337251283480135
1011,2020-04,NV,3940.0,0.12531842489370995
1012,2020-05,NV,3575.0,0.11370897690228757
1013,2020-06,NV,9954.0,0.31660395974415956
1014,2020-07,NV,29560.0,0.9402062537710827
1015,2020-08,NV,21176.0,0.6735388237434522
1016,2020-09,NV,10766.0,0.34243100568672113
1017,2020-10,NV,20760.0,0.6603072337039133
1018,2020-11,NV,51882.0,1.6501955635369185
1019,2020-12,NV,72439.0,2.3040460357551913
1020,2021-01,NV,53282.0,1.694724953093059
1021,2021-02,NV,15368.0,0.4888054704991204
1022,2021-03,NV,9984.0,0.317558160948934
1023,2021-04,NV,11639.0,0.37019826074565737
1024,2021-05,NV,8310.0,0.2643137337225202
1025,2021-06,NV,9964.0,0.3169220268124177
1026,2021-07,NV,22689.0,0.7216623711709098
1027,2021-08,NV,34199.0,1.087757566736037
1028,2021-09,NV,30719.0,0.9770702269822019
1029,2021-10,NV,28003.0,0.8906832112432892
1030,2021-11,NV,21319.0,0.6780871828195437
1031,2021-12,NV,30540.0,0.971376826460381
1032,2022-01,NV,155717.0,4.952844966795388
1033,2022-02,NV,26868.0,0.8545825989959895
1034,2022-03,NV,29363.0,0.9339403325263972
1035,2022-04,NV,6322.0,0.20108200055280057
1036,2022-05,NV,17923.0,0.570071606439077
1037,2022-06,NV,36467.0,1.1598951778169848
1038,2022-07,NV,52659.0,1.6749093747405766
1039,2022-08,NV,15077.0,0.4795497188128083
1040,2022-09,NV,5951.0,0.18928171232042332
1041,2022-10,NV,5433.0,0.17280583818465128
1042,2022-11,NV,8785.0,0.2794219194647822
1043,2022-12,NV,14372.0,0.4571259905006089
1044,2020-01,NH,0.0,0.0
1045,2020-02,NH,0.0,0.0
1046,2020-03,NH,366.0,0.02635004377275031
1047,2020-04,NH,1779.0,0.12807849145279454
1048,2020-05,NH,2505.0,0.18034661106759434
1049,2020-06,NH,1131.0,0.08142595493710547
1050,2020-07,NH,801.0,0.05766771874856011
1051,2020-08,NH,692.0,0.04982030134082846
1052,2020-09,NH,991.0,0.07134670322075289
1053,2020-10,NH,2818.0,0.20288093811915403
1054,2020-11,NH,9910.0,0.7134670322075289
1055,2020-12,NH,23034.0,1.6583248859604662
1056,2021-01,NH,21667.0,1.5599081924157951
1057,2021-02,NH,9729.0,0.7004359996313874
1058,2021-03,NH,8752.0,0.6300972215822698
1059,2021-04,NH,10710.0,0.7710627563009722
1060,2021-05,NH,3840.0,0.27645947564852785
1061,2021-06,NH,778.0,0.056011841680873614
1062,2021-07,NH,1153.0,0.08300983734967517
1063,2021-08,NH,7032.0,0.5062664147813666
1064,2021-09,NH,12579.0,0.9056207667142792
1065,2021-10,NH,14249.0,1.025851840759342
1066,2021-11,NH,26727.0,1.924201147306824
1067,2021-12,NH,37423.0,2.694255978436161
1068,2022-01,NH,78189.0,5.629190088927798
1069,2022-02,NH,21506.0,1.5483170529419896
1070,2022-03,NH,4179.0,0.30086566373312446
1071,2022-04,NH,7441.0,0.5357122287241395
1072,2022-05,NH,15587.0,1.1221806893056259
1073,2022-06,NH,6551.0,0.47163698567018386
1074,2022-07,NH,6178.0,0.4447829793116159
1075,2022-08,NH,6083.0,0.4379434870755195
1076,2022-09,NH,5972.0,0.4299520803575543
1077,2022-10,NH,6856.0,0.49359535548080913
1078,2022-11,NH,4161.0,0.299569759941022
1079,2022-12,NH,6172.0,0.4443510113809151
1080,2020-01,NJ,0.0,0.0
1081,2020-02,NJ,0.0,0.0
1082,2020-03,NJ,18695.0,0.20173451759066724
1083,2020-04,NJ,99956.0,1.0786079401065918
1084,2020-05,NJ,41793.0,0.45098104806989864
1085,2020-06,NJ,13076.0,0.14110085862613345
1086,2020-07,NJ,10014.0,0.10805934523417714
1087,2020-08,NJ,10205.0,0.1101203932609125
1088,2020-09,NJ,13322.0,0.14375540215794966
1089,2020-10,NJ,32617.0,0.3519644161676808
1090,2020-11,NJ,99454.0,1.0731909447693082
1091,2020-12,NJ,140248.0,1.5133919563014655
1092,2021-01,NJ,217450.0,2.3464654105424225
1093,2021-02,NJ,92523.0,0.9983997203017547
1094,2021-03,NJ,119458.0,1.2890506553809
1095,2021-04,NJ,89079.0,0.9612361108563277
1096,2021-05,NJ,18441.0,0.19899364743993017
1097,2021-06,NJ,7063.0,0.07621561367974766
1098,2021-07,NJ,15958.0,0.17220002309237056
1099,2021-08,NJ,52613.0,0.5677378001603517
1100,2021-09,NJ,62604.0,0.6755489563651313
1101,2021-10,NJ,44347.0,0.4785408211603808
1102,2021-11,NJ,53788.0,0.5804170223143519
1103,2021-12,NJ,311548.0,3.36186068394422
1104,2022-01,NJ,547603.0,5.90908943761445
1105,2022-02,NJ,55659.0,0.6006066603144663
1106,2022-03,NJ,32292.0,0.3484573972740212
1107,2022-04,NJ,61887.0,0.66781193314435
1108,2022-05,NJ,132901.0,1.4341117476500276
1109,2022-06,NJ,94156.0,1.0160211413889737
1110,2022-07,NJ,108924.0,1.1753800799168674
1111,2022-08,NJ,79263.0,0.8553133494404417
1112,2022-09,NJ,63968.0,0.6902676448911368
1113,2022-10,NJ,56936.0,0.6143865468597074
1114,2022-11,NJ,50767.0,0.547817932844365
1115,2022-12,NJ,78225.0,0.844112470635461
1116,2020-01,NM,0.0,0.0
1117,2020-02,NM,0.0,0.0
1118,2020-03,NM,311.0,0.014698396929500155
1119,2020-04,NM,3096.0,0.14632230512454175
1120,2020-05,NM,4278.0,0.20218566580193462
1121,2020-06,NM,4458.0,0.21069277656498936
1122,2020-07,NM,8453.0,0.39950337377834344
1123,2020-08,NM,4752.0,0.22458772414464545
1124,2020-09,NM,4083.0,0.19296962914195864
1125,2020-10,NM,17055.0,0.8060487447994378
1126,2020-11,NM,50605.0,2.3916796675799206
1127,2020-12,NM,45802.0,2.1646815953857432
1128,2021-01,NM,31167.0,1.4730062286229304
1129,2021-02,NM,11068.0,0.5230927884749444
1130,2021-03,NM,6520.0,0.3081464565284277
1131,2021-04,NM,6081.0,0.28739855861186636
1132,2021-05,NM,5088.0,0.240467664235681
1133,2021-06,NM,2721.0,0.128599157701511
1134,2021-07,NM,4874.0,0.23035365477293812
1135,2021-08,NM,22198.0,1.0491158039904966
1136,2021-09,NM,20410.0,0.9646118370774861
1137,2021-10,NM,22185.0,1.0485014015464982
1138,2021-11,NM,39055.0,1.8458067269505742
1139,2021-12,NM,35779.0,1.6909773110629778
1140,2022-01,NM,130044.0,6.14610395594829
1141,2022-02,NM,31347.0,1.4815133393859852
1142,2022-03,NM,6424.0,0.30360933078813185
1143,2022-04,NM,4471.0,0.21130717900898777
1144,2022-05,NM,13688.0,0.6469185118038525
1145,2022-06,NM,27831.0,1.315341109147649
1146,2022-07,NM,27193.0,1.285188127665266
1147,2022-08,NM,20269.0,0.9579479336464265
1148,2022-09,NM,7373.0,0.34846070920001493
1149,2022-10,NM,9560.0,0.4518221049711302
1150,2022-11,NM,18323.0,0.8659766139525124
1151,2022-12,NM,12490.0,0.590298963503077
1152,2020-01,NY,0.0,0.0
1153,2020-02,NY,0.0,0.0
1154,2020-03,NY,76210.0,0.3842021287348861
1155,2020-04,NY,233485.0,1.1770821943008118
1156,2020-05,NY,65879.0,0.332119827305151
1157,2020-06,NY,22567.0,0.11376839573756953
1158,2020-07,NY,21581.0,0.1087976137019758
1159,2020-08,NY,19757.0,0.0996021710722365
1160,2020-09,NY,23889.0,0.12043307509969417
1161,2020-10,NY,48854.0,0.24629065473316
1162,2020-11,NY,140525.0,0.7084372672939229
1163,2020-12,NY,326292.0,1.6449557930607983
1164,2021-01,NY,441124.0,2.223865369847105
1165,2021-02,NY,223960.0,1.1290632299103147
1166,2021-03,NY,227471.0,1.1467634487003446
1167,2021-04,NY,174727.0,0.8808618993237165
1168,2021-05,NY,54311.0,0.2738013622060149
1169,2021-06,NY,12514.0,0.06308759269109519
1170,2021-07,NY,35298.0,0.1779499637853826
1171,2021-08,NY,127783.0,0.6442002442741103
1172,2021-09,NY,148307.0,0.7476691393030409
1173,2021-10,NY,133395.0,0.6724923627160494
1174,2021-11,NY,170682.0,0.8604695937111642
1175,2021-12,NY,745358.0,3.7576188199655847
1176,2022-01,NY,1315562.0,6.632223079421653
1177,2022-02,NY,118963.0,0.5997354394526735
1178,2022-03,NY,70380.0,0.3548109935751382
1179,2022-04,NY,171318.0,0.8636758993649548
1180,2022-05,NY,278081.0,1.4019067335090651
1181,2022-06,NY,168595.0,0.8499482731145271
1182,2022-07,NY,205710.0,1.037058390002013
1183,2022-08,NY,173355.0,0.8739451519070486
1184,2022-09,NY,133173.0,0.6713731805538772
1185,2022-10,NY,132110.0,0.6660142137142868
1186,2022-11,NY,129310.0,0.6518984026598624
1187,2022-12,NY,193078.0,0.9733759167021957
1188,2020-01,NC,0.0,0.0
1189,2020-02,NC,0.0,0.0
1190,2020-03,NC,1526.0,0.01446286200515166
1191,2020-04,NC,8980.0,0.085109109309477
1192,2020-05,NC,18179.0,0.17229381939164615
1193,2020-06,NC,36378.0,0.34477719136527335
1194,2020-07,NC,57306.0,0.5431250131502103
1195,2020-08,NC,45619.0,0.4323599618696026
1196,2020-09,NC,43015.0,0.4076802156956741
1197,2020-10,NC,63801.0,0.604682214148546
1198,2020-11,NC,90163.0,0.8545314724577255
1199,2020-12,NC,176102.0,1.66902943960106
1200,2021-01,NC,217088.0,2.05747954585476
1201,2021-02,NC,101369.0,0.9607377841416898
1202,2021-03,NC,55929.0,0.5300743178808173
1203,2021-04,NC,55143.0,0.5226249014089633
1204,2021-05,NC,31294.0,0.2965929250256986
1205,2021-06,NC,12789.0,0.12120939854776185
1206,2021-07,NC,34606.0,0.32798283260175515
1207,2021-08,NC,166167.0,1.5748691945019895
1208,2021-09,NC,182074.0,1.7256298405805919
1209,2021-10,NC,82139.0,0.7784829765669412
1210,2021-11,NC,56716.0,0.5375332119817704
1211,2021-12,NC,149120.0,1.4133040512504689
1212,2022-01,NC,735802.0,6.973658446339844
1213,2022-02,NC,170030.0,1.611481275711623
1214,2022-03,NC,39736.0,0.37660306987988623
1215,2022-04,NC,30261.0,0.286802534166379
1216,2022-05,NC,85934.0,0.8144505789978392
1217,2022-06,NC,120921.0,1.146044388286333
1218,2022-07,NC,115467.0,1.0943533991801093
1219,2022-08,NC,137166.0,1.3000084730004144
1220,2022-09,NC,78045.0,0.7396815630354268
1221,2022-10,NC,38574.0,0.3655900648667891
1222,2022-11,NC,37903.0,0.35923057574132594
1223,2022-12,NC,41471.0,0.3930467563667395
1224,2020-01,ND,0.0,0.0
1225,2020-02,ND,0.0,0.0
1226,2020-03,ND,125.0,0.016130114536717303
1227,2020-04,ND,941.0,0.12142750223240785
1228,2020-05,ND,1513.0,0.19523890635242622
1229,2020-06,ND,1005.0,0.12968612087520712
1230,2020-07,ND,2888.0,0.37267016625631655
1231,2020-08,ND,5347.0,0.6899817794226193
1232,2020-09,ND,10029.0,1.2941513495099026
1233,2020-10,ND,22072.0,2.8481911044353945
1234,2020-11,ND,35337.0,4.559918859071835
1235,2020-12,ND,13244.0,1.7090178953942716
1236,2021-01,ND,5153.0,0.6649478416616341
1237,2021-02,ND,2184.0,0.2818253611855247
1238,2021-03,ND,3284.0,0.42377036910863697
1239,2021-04,ND,4381.0,0.565328254282868
1240,2021-05,ND,2471.0,0.31886010416182764
1241,2021-06,ND,763.0,0.09845821913212241
1242,2021-07,ND,937.0,0.12091133856723289
1243,2021-08,ND,5854.0,0.7554055239835447
1244,2021-09,ND,14663.0,1.8921269556150864
1245,2021-10,ND,16238.0,2.0953663987777245
1246,2021-11,ND,13902.0,1.7939268183155515
1247,2021-12,ND,11888.0,1.5340384128999622
1248,2022-01,ND,49547.0,6.393590279605857
1249,2022-02,ND,14286.0,1.843478530172347
1250,2022-03,ND,1727.0,0.22285366243928625
1251,2022-04,ND,1347.0,0.17381811424766566
1252,2022-05,ND,3444.0,0.44441691571563513
1253,2022-06,ND,5199.0,0.670883723811146
1254,2022-07,ND,7561.0,0.9756783680969562
1255,2022-08,ND,7186.0,0.9272880244868043
1256,2022-09,ND,4789.0,0.6179769481307132
1257,2022-10,ND,3506.0,0.4524174525258469
1258,2022-11,ND,3462.0,0.4467396522089224
1259,2022-12,ND,4309.0,0.5560373083097189
1260,2020-01,OH,0.0,0.0
1261,2020-02,OH,0.0,0.0
1262,2020-03,OH,2196.0,0.018641738802244512
1263,2020-04,OH,15828.0,0.1343631337713689
1264,2020-05,OH,17486.0,0.14843781634610545
1265,2020-06,OH,16276.0,0.13816618431026034
1266,2020-07,OH,39370.0,0.33421004400927434
1267,2020-08,OH,31998.0,0.2716294891594808
1268,2020-09,OH,30830.0,0.2617143931116568
1269,2020-10,OH,61710.0,0.5238532338281006
1270,2020-11,OH,205366.0,1.7433421360936916
1271,2020-12,OH,279317.0,2.3711086325257424
1272,2021-01,OH,195412.0,1.6588431069326979
1273,2021-02,OH,71630.0,0.608063638617839
1274,2021-03,OH,50144.0,0.4256700138887745
1275,2021-04,OH,54746.0,0.46473617143336887
1276,2021-05,OH,29622.0,0.2514597389800032
1277,2021-06,OH,9390.0,0.07971126017899635
1278,2021-07,OH,17953.0,0.1524021569748159
1279,2021-08,OH,91623.0,0.777783257867964
1280,2021-09,OH,193072.0,1.638978959028667
1281,2021-10,OH,131355.0,1.1150663025358962
1282,2021-11,OH,144890.0,1.2299642691517338
1283,2021-12,OH,325878.0,2.7663627310554815
1284,2022-01,OH,564310.0,4.790400557146904
1285,2022-02,OH,73535.0,0.6242350923602232
1286,2022-03,OH,18861.0,0.1601101254777476
1287,2022-04,OH,24257.0,0.20591651098635935
1288,2022-05,OH,66065.0,0.5608226202050473
1289,2022-06,OH,85330.0,0.7243622823294738
1290,2022-07,OH,99789.0,0.8471040406817749
1291,2022-08,OH,101304.0,0.8599648031068207
1292,2022-09,OH,94200.0,0.7996592874186854
1293,2022-10,OH,41292.0,0.35052580993728616
1294,2022-11,OH,42721.0,0.3626565224820983
1295,2022-12,OH,79809.0,0.6774947778088946
1296,2020-01,OK,0.0,0.0
1297,2020-02,OK,0.0,0.0
1298,2020-03,OK,565.0,0.014172339155865379
1299,2020-04,OK,3052.0,0.07655571522778963
1300,2020-05,OK,2888.0,0.07244197430467118
1301,2020-06,OK,7251.0,0.1818825331312918
1302,2020-07,OK,22699.0,0.5693768610601562
1303,2020-08,OK,22277.0,0.5587915033189612
1304,2020-09,OK,28466.0,0.7140350555944494
1305,2020-10,OK,35563.0,0.8920546856637884
1306,2020-11,OK,74983.0,1.8808575343792102
1307,2020-12,OK,93191.0,2.337583111989824
1308,2021-01,OK,98536.0,2.471655948782922
1309,2021-02,OK,35036.0,0.878835530380353
1310,2021-03,OK,13856.0,0.34756094043127556
1311,2021-04,OK,9941.0,0.24935791778488095
1312,2021-05,OK,4867.0,0.12208278702937488
1313,2021-06,OK,4679.0,0.1173670352394586
1314,2021-07,OK,22784.0,0.5715089828800651
1315,2021-08,OK,71323.0,1.7890508771925424
1316,2021-09,OK,61807.0,1.5503535685072063
1317,2021-10,OK,30213.0,0.7578564299401075
1318,2021-11,OK,22949.0,0.5756478075893001
1319,2021-12,OK,42011.0,1.0537949385434697
1320,2022-01,OK,267976.0,6.721852668375542
1321,2022-02,OK,44681.0,1.1207686474747274
1322,2022-03,OK,12253.0,0.3073516312864044
1323,2022-04,OK,7134.0,0.1789477301556524
1324,2022-05,OK,8867.0,0.22241793149567843
1325,2022-06,OK,26501.0,0.6647454158753777
1326,2022-07,OK,44584.0,1.1183355202214196
1327,2022-08,OK,49291.0,1.2364049014721423
1328,2022-09,OK,27537.0,0.6907322182921504
1329,2022-10,OK,10554.0,0.26473427867434196
1330,2022-11,OK,11504.0,0.28856387548508905
1331,2022-12,OK,30193.0,0.7573547542177759
1332,2020-01,OR,0.0,0.0
1333,2020-02,OR,0.0,0.0
1334,2020-03,OR,689.0,0.0162264448660023
1335,2020-04,OR,1820.0,0.04286230719321363
1336,2020-05,OR,1733.0,0.04081339470650506
1337,2020-06,OR,4452.0,0.10484779759570717
1338,2020-07,OR,9815.0,0.2311502995062592
1339,2020-08,OR,8213.0,0.193422048888936
1340,2020-09,OR,6831.0,0.16087495628397927
1341,2020-10,OR,11369.0,0.267748115648157
1342,2020-11,OR,30531.0,0.7190269785252775
1343,2020-12,OR,38475.0,0.9061138842081836
1344,2021-01,OR,28488.0,0.6709128611649834
1345,2021-02,OR,13180.0,0.31039846637722834
1346,2021-03,OR,9416.0,0.22175356292928544
1347,2021-04,OR,19825.0,0.4668929890689341
1348,2021-05,OR,16723.0,0.3938386610945667
1349,2021-06,OR,7119.0,0.16765756313653177
1350,2021-07,OR,11076.0,0.26084775520441433
1351,2021-08,OR,56531.0,1.3313456527140437
1352,2021-09,OR,53767.0,1.2662514675041303
1353,2021-10,OR,34999.0,0.8242515876127933
1354,2021-11,OR,26046.0,0.6134020072277154
1355,2021-12,OR,30164.0,0.7103838649319207
1356,2022-01,OR,212613.0,5.007188856742158
1357,2022-02,OR,60053.0,1.4142912823483835
1358,2022-03,OR,10223.0,0.2407589925473752
1359,2022-04,OR,17159.0,0.40410677424634756
1360,2022-05,OR,44138.0,1.0394816015901445
1361,2022-06,OR,46244.0,1.0890794141994344
1362,2022-07,OR,38662.0,0.9105178685186951
1363,2022-08,OR,27793.0,0.6545451119895529
1364,2022-09,OR,16628.0,0.3916013428619539
1365,2022-10,OR,13412.0,0.3158622330084512
1366,2022-11,OR,16444.0,0.3872680107061565
1367,2022-12,OR,14671.0,0.3455125872701303
1368,2020-01,PA,0.0,0.0
1369,2020-02,PA,0.0,0.0
1370,2020-03,PA,4995.0,0.03852960832628307
1371,2020-04,PA,43227.0,0.33343731313718483
1372,2020-05,PA,27994.0,0.21593550660379746
1373,2020-06,PA,15008.0,0.11576623859076203
1374,2020-07,PA,25561.0,0.19716823191754185
1375,2020-08,PA,22053.0,0.1701087992831873
1376,2020-09,PA,25295.0,0.19511640492759366
1377,2020-10,PA,48681.0,0.37550748006642365
1378,2020-11,PA,154155.0,1.1890954497573907
1379,2020-12,PA,279089.0,2.1527907623972005
1380,2021-01,PA,202184.0,1.5595736396078512
1381,2021-02,PA,87667.0,0.6762312658939456
1382,2021-03,PA,94504.0,0.7289693904438549
1383,2021-04,PA,125831.0,0.9706144435044094
1384,2021-05,PA,50509.0,0.38960800539584217
1385,2021-06,PA,9824.0,0.07577875319267365
1386,2021-07,PA,12423.0,0.09582649133882173
1387,2021-08,PA,71366.0,0.5504912968595631
1388,2021-09,PA,129572.0,0.9994711531637938
1389,2021-10,PA,134999.0,1.0413330519399175
1390,2021-11,PA,171981.0,1.3265987126251229
1391,2021-12,PA,299504.0,2.310264627058075
1392,2022-01,PA,625057.0,4.821461740060363
1393,2022-02,PA,95944.0,0.7400770252766572
1394,2022-03,PA,23928.0,0.184571865471732
1395,2022-04,PA,38866.0,0.299798149591455
1396,2022-05,PA,105433.0,0.8132717106436442
1397,2022-06,PA,80605.0,0.6217575734014108
1398,2022-07,PA,77338.0,0.5965571268744905
1399,2022-08,PA,102307.0,0.7891588866941025
1400,2022-09,PA,68601.0,0.5291630952535226
1401,2022-10,PA,50886.0,0.39251604590415223
1402,2022-11,PA,55408.0,0.42739710473327175
1403,2022-12,PA,55345.0,0.42691114570933664
1404,2020-01,RI,0.0,0.0
1405,2020-02,RI,0.0,0.0
1406,2020-03,RI,486.0,0.04435885032082584
1407,2020-04,RI,8133.0,0.7423261927145608
1408,2020-05,RI,6307.0,0.5756610472704703
1409,2020-06,RI,1885.0,0.17205027336369694
1410,2020-07,RI,2209.0,0.2016228402442475
1411,2020-08,RI,2927.0,0.26715710882522065
1412,2020-09,RI,2799.0,0.2554741194403118
1413,2020-10,RI,8126.0,0.7416872792325736
1414,2020-11,RI,23849.0,2.176778233130402
1415,2020-12,RI,31226.0,2.8501017697903452
1416,2021-01,RI,26489.0,2.4177398891941477
1417,2021-02,RI,11184.0,1.020801197506412
1418,2021-03,RI,11707.0,1.068537161946313
1419,2021-04,RI,10857.0,0.9909548105621526
1420,2021-05,RI,3557.0,0.32465932220406896
1421,2021-06,RI,870.0,0.07940781847555244
1422,2021-07,RI,1726.0,0.15753780998713046
1423,2021-08,RI,8278.0,0.7555608291271529
1424,2021-09,RI,9744.0,0.8893675669261872
1425,2021-10,RI,7044.0,0.6429295095882659
1426,2021-11,RI,12358.0,1.1279561157711229
1427,2021-12,RI,39333.0,3.5900548552860965
1428,2022-01,RI,112683.0,10.284955412966292
1429,2022-02,RI,12146.0,1.1086061646023677
1430,2022-03,RI,5337.0,0.48712589333795786
1431,2022-04,RI,10367.0,0.9462308668230484
1432,2022-05,RI,21161.0,1.9314354560473161
1433,2022-06,RI,9979.0,0.9108168052500434
1434,2022-07,RI,7630.0,0.6964156953660517
1435,2022-08,RI,6239.0,0.5694544591597375
1436,2022-09,RI,8823.0,0.8053048073675851
1437,2022-10,RI,6581.0,0.6006699464225409
1438,2022-11,RI,4862.0,0.44377104991739763
1439,2022-12,RI,6741.0,0.6152736831536769
1440,2020-01,SC,0.0,0.0
1441,2020-02,SC,0.0,0.0
1442,2020-03,SC,1081.0,0.02082568745478697
1443,2020-04,SC,5012.0,0.09655721139999288
1444,2020-05,SC,5766.0,0.11108317656272125
1445,2020-06,SC,24538.0,0.47272961957961396
1446,2020-07,SC,52617.0,1.01367733284785
1447,2020-08,SC,29976.0,0.5774938086444905
1448,2020-09,SC,28950.0,0.5577277075079397
1449,2020-10,SC,28670.0,0.5523334498878283
1450,2020-11,SC,40875.0,0.7874652865073242
1451,2020-12,SC,90020.0,1.7342538248657937
1452,2021-01,SC,135879.0,2.6177368970110995
1453,2021-02,SC,73437.0,1.4147789173147
1454,2021-03,SC,34807.0,0.6705640177971971
1455,2021-04,SC,27029.0,0.5207192471928187
1456,2021-05,SC,14603.0,0.2813298000945922
1457,2021-06,SC,3578.0,0.0689309063027084
1458,2021-07,SC,20308.0,0.3912377991043606
1459,2021-08,SC,118139.0,2.2759721463654743
1460,2021-09,SC,122099.0,2.3522623612784774
1461,2021-10,SC,39766.0,0.766100173290526
1462,2021-11,SC,21169.0,0.40782514128620295
1463,2021-12,SC,56999.0,1.0980974646025925
1464,2022-01,SC,409699.0,7.892935545364262
1465,2022-02,SC,76136.0,1.466775707731416
1466,2022-03,SC,6985.0,0.13456746241599166
1467,2022-04,SC,6132.0,0.11813424188043821
1468,2022-05,SC,21490.0,0.41400927234354484
1469,2022-06,SC,50644.0,0.9756670818318514
1470,2022-07,SC,58759.0,1.1320042267861494
1471,2022-08,SC,69116.0,1.3315339631129104
1472,2022-09,SC,33793.0,0.6510290991300797
1473,2022-10,SC,13619.0,0.26237283760105806
1474,2022-11,SC,16686.0,0.32145922374706326
1475,2022-12,SC,31680.0,0.6103217193040251
1476,2020-01,SD,0.0,0.0
1477,2020-02,SD,0.0,0.0
1478,2020-03,SD,102.0,0.011391862189739282
1479,2020-04,SD,2343.0,0.2616777755937171
1480,2020-05,SD,2543.0,0.28401476027948036
1481,2020-06,SD,1771.0,0.19779399939243403
1482,2020-07,SD,2000.0,0.223369846857633
1483,2020-08,SD,4745.0,0.5299449616697343
1484,2020-09,SD,8880.0,0.9917621200478905
1485,2020-10,SD,23603.0,2.636099247690356
1486,2020-11,SD,34472.0,3.850002680438162
1487,2020-12,SD,18700.0,2.0885080681188684
1488,2021-01,SD,9086.0,1.0147692142742266
1489,2021-02,SD,4177.0,0.4665079251621665
1490,2021-03,SD,5332.0,0.5955040117224496
1491,2021-04,SD,4901.0,0.5473678097246296
1492,2021-05,SD,1531.0,0.17098961776951807
1493,2021-06,SD,345.0,0.03853129858294169
1494,2021-07,SD,680.0,0.07594574793159521
1495,2021-08,SD,7043.0,0.7865969157091546
1496,2021-09,SD,12759.0,1.4249879380282697
1497,2021-10,SD,9464.0,1.0569861153303193
1498,2021-11,SD,11726.0,1.3096174121263022
1499,2021-12,SD,12996.0,1.4514572648808992
1500,2022-01,SD,47209.0,5.272533550150998
1501,2022-02,SD,9469.0,1.0575445399474634
1502,2022-03,SD,1227.0,0.13703740104715784
1503,2022-04,SD,703.0,0.078514501170458
1504,2022-05,SD,1892.0,0.2113078751273208
1505,2022-06,SD,4819.0,0.5382096460034667
1506,2022-07,SD,5763.0,0.6436402137202695
1507,2022-08,SD,7261.0,0.8109442290166365
1508,2022-09,SD,3824.0,0.4270831471917943
1509,2022-10,SD,2816.0,0.31450474437554726
1510,2022-11,SD,4610.0,0.5148674970068441
1511,2022-12,SD,3059.0,0.34164418076874964
1512,2020-01,TN,0.0,0.0
1513,2020-02,TN,0.0,0.0
1514,2020-03,TN,2048.0,0.029361089502865718
1515,2020-04,TN,8457.0,0.12124352242467547
1516,2020-05,TN,12326.0,0.1767113228575795
1517,2020-06,TN,19983.0,0.28648566969519806
1518,2020-07,TN,60329.0,0.8649048674894462
1519,2020-08,TN,48889.0,0.7008956565945322
1520,2020-09,TN,41324.0,0.5924402649494253
1521,2020-10,TN,63566.0,0.9113120192085753
1522,2020-11,TN,109489.0,1.569685707314094
1523,2020-12,TN,206167.0,2.955706904070955
1524,2021-01,TN,140711.0,2.017298957537958
1525,2021-02,TN,47942.0,0.6873190199933537
1526,2021-03,TN,36299.0,0.5203995057932239
1527,2021-04,TN,35322.0,0.5063927751075307
1528,2021-05,TN,15167.0,0.2174412326611154
1529,2021-06,TN,6191.0,0.08875708257433675
1530,2021-07,TN,25647.0,0.3676874328515611
1531,2021-08,TN,152576.0,2.187401167963496
1532,2021-09,TN,167830.0,2.4060896734697037
1533,2021-10,TN,50847.0,0.7289664638438541
1534,2021-11,TN,35659.0,0.5112241653235784
1535,2021-12,TN,93147.0,1.3353991230094888
1536,2022-01,TN,423010.0,6.064469956351185
1537,2022-02,TN,152593.0,2.187644887944721
1538,2022-03,TN,16552.0,0.23729724289620768
1539,2022-04,TN,9918.0,0.14218910434053816
1540,2022-05,TN,31920.0,0.4576201059235711
1541,2022-06,TN,55559.0,0.7965199080516193
1542,2022-07,TN,75487.0,1.082217071925207
1543,2022-08,TN,94445.0,1.3540078603994885
1544,2022-09,TN,41145.0,0.5898740369118213
1545,2022-10,TN,18048.0,0.2587446012440041
1546,2022-11,TN,30955.0,0.4437854128716837
1547,2022-12,TN,38387.0,0.5503340540754426
1548,2020-01,TX,0.0,0.0
1549,2020-02,TX,10.0,3.386622860022648e-05
1550,2020-03,TX,3577.0,0.01211394997030101
1551,2020-04,TX,25484.0,0.08630469696481716
1552,2020-05,TX,35902.0,0.1215865339205331
1553,2020-06,TX,101729.0,0.3445177569272439
1554,2020-07,TX,276387.0,0.9360185324130795
1555,2020-08,TX,197227.0,0.6679334668136867
1556,2020-09,TX,143710.0,0.4866915712138547
1557,2020-10,TX,169424.0,0.573775191436477
1558,2020-11,TX,308492.0,1.0447460593341067
1559,2020-12,TX,508584.0,1.7223822006417582
1560,2021-01,TX,602433.0,2.0402133694320237
1561,2021-02,TX,277323.0,0.9391884114100607
1562,2021-03,TX,139747.0,0.47327038481958494
1563,2021-04,TX,99222.0,0.33602749341716714
1564,2021-05,TX,58681.0,0.198730416048989
1565,2021-06,TX,46031.0,0.1558896368697025
1566,2021-07,TX,138384.0,0.4686544178613741
1567,2021-08,TX,472090.0,1.5987907859880917
1568,2021-09,TX,455518.0,1.5426676719517964
1569,2021-10,TX,170461.0,0.5772871193423206
1570,2021-11,TX,97209.0,0.32921022159994157
1571,2021-12,TX,247255.0,0.8373594352548998
1572,2022-01,TX,1644465.0,5.569182761507143
1573,2022-02,TX,345083.0,1.1686659764051954
1574,2022-03,TX,116129.0,0.39328512611157007
1575,2022-04,TX,71591.0,0.24245171717188138
1576,2022-05,TX,116435.0,0.394321432706737
1577,2022-06,TX,236806.0,0.8019726129905231
1578,2022-07,TX,337845.0,1.1441536001443515
1579,2022-08,TX,294848.0,0.9985389770319576
1580,2022-09,TX,144527.0,0.4894584420904932
1581,2022-10,TX,42721.0,0.14467991520302753
1582,2022-11,TX,60000.0,0.20319737160135887
1583,2022-12,TX,125992.0,0.4266873873799734
1584,2020-01,UT,0.0,0.0
1585,2020-02,UT,0.0,0.0
1586,2020-03,UT,886.0,0.026543038818445316
1587,2020-04,UT,3785.0,0.1133921014986631
1588,2020-05,UT,5157.0,0.1544948658992353
1589,2020-06,UT,12535.0,0.37552707854312867
1590,2020-07,UT,17894.0,0.5360735176267049
1591,2020-08,UT,11908.0,0.35674323504519956
1592,2020-09,UT,20887.0,0.6257386589174574
1593,2020-10,UT,41617.0,1.24677386738966
1594,2020-11,UT,81074.0,2.4288378433032003
1595,2020-12,UT,80868.0,2.4226664369864963
1596,2021-01,UT,70012.0,2.097439315752814
1597,2021-02,UT,24667.0,0.7389809690006666
1598,2021-03,UT,14409.0,0.4316689010552805
1599,2021-04,UT,11688.0,0.3501524127652244
1600,2021-05,UT,8852.0,0.26519072191972676
1601,2021-06,UT,8970.0,0.26872579932444074
1602,2021-07,UT,17329.0,0.5191470876804051
1603,2021-08,UT,31963.0,0.9575566024311146
1604,2021-09,UT,44091.0,1.3208906597562893
1605,2021-10,UT,41405.0,1.240422711374411
1606,2021-11,UT,45935.0,1.3761337337757173
1607,2021-12,UT,41211.0,1.2346108044547968
1608,2022-01,UT,248542.0,7.445891595952636
1609,2022-02,UT,37350.0,1.118941873441233
1610,2022-03,UT,5112.0,0.15314674316014948
1611,2022-04,UT,4332.0,0.12977928234932856
1612,2022-05,UT,16730.0,0.5012020761090182
1613,2022-06,UT,33929.0,1.0164545869876198
1614,2022-07,UT,27411.0,0.821186497801811
1615,2022-08,UT,16533.0,0.49530029434013134
1616,2022-09,UT,11613.0,0.34790554153341474
1617,2022-10,UT,7062.0,0.21156539518720183
1618,2022-11,UT,13412.0,0.40180049281375685
1619,2022-12,UT,15967.0,0.4783439061107408
1620,2020-01,VT,0.0,0.0
1621,2020-02,VT,0.0,0.0
1622,2020-03,VT,292.0,0.04523134594234553
1623,2020-04,VT,573.0,0.08875877131836982
1624,2020-05,VT,115.0,0.01781371501154019
1625,2020-06,VT,227.0,0.035162724414083676
1626,2020-07,VT,206.0,0.031909785151106776
1627,2020-08,VT,210.0,0.03252939262976904
1628,2020-09,VT,128.0,0.01982743931719256
1629,2020-10,VT,427.0,0.06614309834719705
1630,2020-11,VT,1993.0,0.30871942624347476
1631,2020-12,VT,3240.0,0.5018820577164367
1632,2021-01,VT,4553.0,0.705268212587326
1633,2021-02,VT,3233.0,0.5007977446287777
1634,2021-03,VT,4077.0,0.6315349226265161
1635,2021-04,VT,3677.0,0.5695741747602894
1636,2021-05,VT,1268.0,0.1964155707359388
1637,2021-06,VT,190.0,0.029431355236457703
1638,2021-07,VT,479.0,0.07419799556980652
1639,2021-08,VT,3311.0,0.5128800904626919
1640,2021-09,VT,5462.0,0.8460740121133262
1641,2021-10,VT,6529.0,1.011354307046486
1642,2021-11,VT,9823.0,1.5216010657248633
1643,2021-12,VT,14433.0,2.2356986848831264
1644,2022-01,VT,40025.0,6.199947333364314
1645,2022-02,VT,7892.0,1.2224855554006537
1646,2022-03,VT,4275.0,0.6622054928202984
1647,2022-04,VT,7203.0,1.1157581672010781
1648,2022-05,VT,7618.0,1.1800424431122885
1649,2022-06,VT,4208.0,0.6518270675527054
1650,2022-07,VT,1981.0,0.306860603807488
1651,2022-08,VT,2659.0,0.4118840714407423
1652,2022-09,VT,2135.0,0.33071549173598525
1653,2022-10,VT,2452.0,0.37981938441996993
1654,2022-11,VT,1882.0,0.29152531871059684
1655,2022-12,VT,1616.0,0.25032142137955604
1656,2020-01,VA,0.0,0.0
1657,2020-02,VA,0.0,0.0
1658,2020-03,VA,1248.0,0.01444064374723597
1659,2020-04,VA,14599.0,0.16892544716818744
1660,2020-05,VA,28759.0,0.33277121276182636
1661,2020-06,VA,18180.0,0.21036130074098552
1662,2020-07,VA,27101.0,0.3135864472707068
1663,2020-08,VA,30706.0,0.3553000055309517
1664,2020-09,VA,27677.0,0.32025135976943103
1665,2020-10,VA,32919.0,0.38090669191927956
1666,2020-11,VA,56645.0,0.6554409175177737
1667,2020-12,VA,111749.0,1.2930508798957312
1668,2021-01,VA,155195.0,1.7957657903463833
1669,2021-02,VA,71271.0,0.8246787824593388
1670,2021-03,VA,42926.0,0.49669797555597056
1671,2021-04,VA,40614.0,0.46994575733192445
1672,2021-05,VA,15948.0,0.1845347648084289
1673,2021-06,VA,4802.0,0.055564079546656354
1674,2021-07,VA,14044.0,0.16250352627097914
1675,2021-08,VA,72051.0,0.8337041848013613
1676,2021-09,VA,100341.0,1.1610485851293306
1677,2021-10,VA,57995.0,0.6710618061866588
1678,2021-11,VA,44345.0,0.5131172652012653
1679,2021-12,VA,149402.0,1.7287348214139011
1680,2022-01,VA,427132.0,4.942356606606086
1681,2022-02,VA,94292.0,1.0910554328640818
1682,2022-03,VA,28949.0,0.33496970820411387
1683,2022-04,VA,32567.0,0.3768336898367258
1684,2022-05,VA,86298.0,0.998556629886995
1685,2022-06,VA,81475.0,0.9427495587388227
1686,2022-07,VA,85485.0,0.9891493835997331
1687,2022-08,VA,85390.0,0.9880501358785894
1688,2022-09,VA,48602.0,0.5623751341371496
1689,2022-10,VA,31572.0,0.3653205163363254
1690,2022-11,VA,29232.0,0.33824430931025795
1691,2022-12,VA,56006.0,0.6480470302145014
1692,2020-01,WA,0.0,0.0
1693,2020-02,WA,9.0,0.00011629872335014754
1694,2020-03,WA,5283.0,0.0682673506065366
1695,2020-04,WA,9521.0,0.12303112722408387
1696,2020-05,WA,8000.0,0.10337664297790893
1697,2020-06,WA,11727.0,0.15153723652524226
1698,2020-07,WA,24184.0,0.3125075917222187
1699,2020-08,WA,18993.0,0.24542907250992804
1700,2020-09,WA,13842.0,0.17886743651252693
1701,2020-10,WA,21020.0,0.2716221294244557
1702,2020-11,WA,59595.0,0.7700913797835603
1703,2020-12,WA,78889.0,1.0194099984855323
1704,2021-01,WA,64705.0,0.8361232104856996
1705,2021-02,WA,26875.0,0.3472809100039128
1706,2021-03,WA,24263.0,0.31352843607162556
1707,2021-04,WA,38065.0,0.49187898936926294
1708,2021-05,WA,32528.0,0.4203294303481777
1709,2021-06,WA,16130.0,0.20843315640420887
1710,2021-07,WA,20890.0,0.26994225897606466
1711,2021-08,WA,90267.0,1.1664374289608632
1712,2021-09,WA,95680.0,1.2363846500157907
1713,2021-10,WA,67353.0,0.8703408793113875
1714,2021-11,WA,49181.0,0.6355208347870673
1715,2021-12,WA,75823.0,0.9797909000642486
1716,2022-01,WA,482913.0,6.2402405987988665
1717,2022-02,WA,88937.0,1.1492510620657859
1718,2022-03,WA,30958.0,0.4000417641637631
1719,2022-04,WA,43076.0,0.5566315341145506
1720,2022-05,WA,79440.0,1.0265300647706357
1721,2022-06,WA,81656.0,1.0551653948755164
1722,2022-07,WA,72867.0,0.9415932304839112
1723,2022-08,WA,52220.0,0.6747910370383006
1724,2022-09,WA,31655.0,0.4090484541832134
1725,2022-10,WA,21955.0,0.2837042745724988
1726,2022-11,WA,21357.0,0.2759768705099001
1727,2022-12,WA,23818.0,0.30777811030597935
1728,2020-01,WV,0.0,0.0
1729,2020-02,WV,0.0,0.0
1730,2020-03,WV,161.0,0.009029932825151896
1731,2020-04,WV,964.0,0.05406742387233806
1732,2020-05,WV,884.0,0.049580500729405445
1733,2020-06,WV,894.0,0.05014136612227202
1734,2020-07,WV,3738.0,0.20965148385352664
1735,2020-08,WV,3608.0,0.20236023374626114
1736,2020-09,WV,5598.0,0.31397244692671006
1737,2020-10,WV,8612.0,0.48301727633669644
1738,2020-11,WV,23382.0,1.3114154616006313
1739,2020-12,WV,37492.0,2.102796530935372
1740,2021-01,WV,35667.0,2.000438596737222
1741,2021-02,WV,10854.0,0.6087632974173831
1742,2021-03,WV,9883.0,0.5543032677700385
1743,2021-04,WV,11390.0,0.6388256824750317
1744,2021-05,WV,8159.0,0.4576100740398405
1745,2021-06,WV,2754.0,0.1544623291954554
1746,2021-07,WV,2975.0,0.16685745437780677
1747,2021-08,WV,22674.0,1.2717061917856776
1748,2021-09,WV,50769.0,2.847457513044327
1749,2021-10,WV,32073.0,1.7988635745409738
1750,2021-11,WV,22262.0,1.2485985375995747
1751,2021-12,WV,33368.0,1.8714956429171956
1752,2022-01,WV,118609.0,6.652368338251188
1753,2022-02,WV,43340.0,2.4307906126837464
1754,2022-03,WV,7658.0,0.429510717857225
1755,2022-04,WV,3435.0,0.19265726244966935
1756,2022-05,WV,14721.0,0.8256499448388886
1757,2022-06,WV,16578.0,0.929802648294212
1758,2022-07,WV,22604.0,1.2677801340356116
1759,2022-08,WV,27559.0,1.5456889362010007
1760,2022-09,WV,17892.0,1.0035003609168802
1761,2022-10,WV,7546.0,0.4232290254571193
1762,2022-11,WV,6542.0,0.36691814001331496
1763,2022-12,WV,10075.0,0.5650718833130768
1764,2020-01,WI,0.0,0.0
1765,2020-02,WI,0.0,0.0
1766,2020-03,WI,1350.0,0.022897236524043456
1767,2020-04,WI,5622.0,0.09535426943568319
1768,2020-05,WI,11711.0,0.19862928661709103
1769,2020-06,WI,13039.0,0.2211533829903723
1770,2020-07,WI,25297.0,0.4290602906286869
1771,2020-08,WI,23713.0,0.4021941997738092
1772,2020-09,WI,48439.0,0.821569807398623
1773,2020-10,WI,108698.0,1.843617641252204
1774,2020-11,WI,173860.0,2.9488248459779225
1775,2020-12,WI,108708.0,1.8437872504116415
1776,2021-01,WI,71702.0,1.216131594997751
1777,2021-02,WI,25240.0,0.42809351841989396
1778,2021-03,WI,18870.0,0.3200524838582963
1779,2021-04,WI,24412.0,0.4140498800184806
1780,2021-05,WI,13968.0,0.23691007390210295
1781,2021-06,WI,3203.0,0.054325813767786064
1782,2021-07,WI,9549.0,0.16195978634673405
1783,2021-08,WI,46775.0,0.7933468432682463
1784,2021-09,WI,76225.0,1.2928458178112685
1785,2021-10,WI,72236.0,1.2251887241117059
1786,2021-11,WI,98243.0,1.6662912650604453
1787,2021-12,WI,139808.0,2.3712717362618276
1788,2022-01,WI,395965.0,6.715929081661383
1789,2022-02,WI,55565.0,0.9424332944136848
1790,2022-03,WI,13296.0,0.22551233838791243
1791,2022-04,WI,25178.0,0.4270419416313823
1792,2022-05,WI,64914.0,1.1010008975716716
1793,2022-06,WI,51059.0,0.8660074071712109
1794,2022-07,WI,51067.0,0.8661430944987608
1795,2022-08,WI,54684.0,0.9274907274672536
1796,2022-09,WI,34243.0,0.5807926446613482
1797,2022-10,WI,28841.0,0.4891697767332869
1798,2022-11,WI,30962.0,0.5251438794499507
1799,2022-12,WI,34441.0,0.5841509060182078
1800,2020-01,WY,0.0,0.0
1801,2020-02,WY,0.0,0.0
1802,2020-03,WY,120.0,0.020732442644561276
1803,2020-04,WY,438.0,0.07567341565264865
1804,2020-05,WY,344.0,0.059433002247742325
1805,2020-06,WY,584.0,0.10089788753686488
1806,2020-07,WY,1239.0,0.21406247030509518
1807,2020-08,WY,1116.0,0.19281171659441987
1808,2020-09,WY,2106.0,0.3638543684120504
1809,2020-10,WY,7350.0,1.269862111979378
1810,2020-11,WY,20007.0,3.4566164999144786
1811,2020-12,WY,11104.0,1.9184420260434034
1812,2021-01,WY,7503.0,1.2962959763511936
1813,2021-02,WY,2482.0,0.42881602203167574
1814,2021-03,WY,1916.0,0.33102800089149503
1815,2021-04,WY,1832.0,0.3165152910403021
1816,2021-05,WY,2002.0,0.3458862514534306
1817,2021-06,WY,2146.0,0.37076518262690417
1818,2021-07,WY,2837.0,0.49014949818850284
1819,2021-08,WY,10009.0,1.7292584869117817
1820,2021-09,WY,15466.0,2.672066316173206
1821,2021-10,WY,12324.0,2.129221859596443
1822,2021-11,WY,8163.0,1.4103244108962807
1823,2021-12,WY,4549.0,0.7859323465842437
1824,2022-01,WY,30867.0,5.332902559247274
1825,2022-02,WY,8596.0,1.4851339747720727
1826,2022-03,WY,1011.0,0.17467082928042874
1827,2022-04,WY,438.0,0.07567341565264865
1828,2022-05,WY,1922.0,0.3320646230237231
1829,2022-06,WY,5984.0,1.0338578065421222
1830,2022-07,WY,5575.0,0.9631947311952426
1831,2022-08,WY,4797.0,0.828779394716337
1832,2022-09,WY,1900.0,0.32826367520555355
1833,2022-10,WY,1716.0,0.29647392981722626
1834,2022-11,WY,2481.0,0.42864325167630435
1835,2022-12,WY,1922.0,0.3320646230237231
