state_code,wave,visit_1,visit_2,visit_4,visit_8,visit_9,visit_10,visit_12,cov_beh_1,cov_beh_2,cov_beh_3,cov_beh_5,event
AK,1,103,103,103,103,103,103,103,103,103,103,103,103
AL,1,465,465,465,465,465,465,465,NA,NA,NA,NA,465
AR,1,460,460,460,460,460,460,460,NA,NA,NA,NA,NA
AZ,1,484,484,484,484,484,484,484,NA,NA,NA,NA,484
CA,1,811,811,811,811,811,811,811,NA,811,NA,NA,NA
CO,1,470,470,470,470,470,470,470,470,470,470,NA,NA
CT,1,349,349,349,349,349,349,349,349,NA,NA,NA,NA
DC,1,126,126,126,126,126,126,126,126,NA,NA,126,126
DE,1,336,336,336,336,336,336,336,336,336,NA,NA,NA
FL,1,616,616,616,616,616,616,616,NA,NA,NA,NA,NA
GA,1,514,514,514,514,514,514,514,514,NA,NA,NA,514
HI,1,278,278,278,278,278,278,278,NA,NA,NA,NA,278
IA,1,468,468,468,468,468,468,468,NA,NA,NA,NA,468
ID,1,349,349,349,349,349,349,349,NA,NA,NA,NA,349
IL,1,518,518,518,518,518,518,518,NA,NA,NA,NA,NA
IN,1,491,491,491,491,491,491,491,NA,NA,NA,NA,491
KS,1,475,475,475,475,475,475,475,NA,NA,NA,NA,475
KY,1,458,458,458,458,458,458,458,NA,NA,NA,458,458
LA,1,468,468,468,468,468,468,468,NA,468,NA,NA,NA
MA,1,488,488,488,488,488,488,488,NA,NA,NA,NA,NA
MD,1,404,404,404,404,404,404,404,NA,NA,NA,NA,NA
ME,1,341,341,341,341,341,341,341,341,NA,NA,NA,NA
MI,1,525,525,525,525,525,525,525,NA,NA,NA,NA,NA
MN,1,475,475,475,475,475,475,475,475,NA,NA,NA,NA
MO,1,462,462,462,462,462,462,462,NA,462,NA,NA,NA
MS,1,437,437,437,437,437,437,437,NA,437,NA,NA,437
MT,1,231,231,231,231,231,231,231,231,231,NA,NA,231
NC,1,512,512,512,512,512,512,512,512,NA,512,NA,NA
ND,1,176,176,176,176,176,176,176,176,176,176,176,176
NE,1,362,362,362,362,362,362,362,NA,NA,NA,NA,NA
NH,1,375,375,375,375,375,375,375,375,NA,NA,375,375
NJ,1,540,540,540,540,540,540,540,NA,NA,NA,NA,NA
NM,1,136,136,136,136,136,136,136,NA,136,136,136,136
NV,1,473,473,473,473,473,473,473,NA,NA,NA,NA,NA
NY,1,640,640,640,640,640,640,640,NA,NA,NA,NA,NA
OH,1,503,503,503,503,503,503,503,NA,NA,NA,503,503
OK,1,459,459,459,459,459,459,459,NA,NA,NA,NA,NA
OR,1,475,475,475,475,475,475,475,NA,NA,475,475,NA
PA,1,524,524,524,524,524,524,524,NA,524,NA,NA,NA
RI,1,314,314,314,314,314,314,314,314,314,NA,NA,NA
SC,1,478,478,478,478,478,478,478,NA,NA,NA,NA,478
SD,1,193,193,193,193,193,193,193,193,193,NA,193,193
TN,1,472,472,472,472,472,472,472,NA,NA,NA,NA,472
TX,1,614,614,614,614,614,614,614,NA,NA,NA,NA,NA
UT,1,437,437,437,437,437,437,437,NA,NA,NA,NA,NA
VA,1,524,524,524,524,524,524,524,NA,NA,NA,NA,524
VT,1,189,189,189,189,189,189,189,189,NA,189,NA,189
WA,1,398,398,398,398,398,398,398,398,NA,NA,NA,NA
WI,1,474,474,474,474,474,474,474,NA,NA,NA,NA,474
WV,1,370,370,370,370,370,370,370,370,NA,NA,NA,370
WY,1,165,165,165,165,165,165,165,165,165,165,165,165
AK,2,173,173,173,173,173,173,173,NA,173,173,173,173
AL,2,436,436,436,436,436,436,436,NA,NA,NA,NA,NA
AR,2,407,407,407,407,407,407,407,NA,NA,NA,NA,407
AZ,2,380,380,380,380,380,380,380,NA,380,380,NA,NA
CA,2,976,976,976,976,976,976,976,NA,NA,NA,NA,NA
CO,2,443,443,443,443,443,443,443,NA,NA,NA,NA,443
CT,2,400,400,400,400,400,400,400,400,NA,400,NA,NA
DC,2,208,208,208,208,208,208,208,208,NA,208,208,208
DE,2,361,361,361,361,361,361,361,361,NA,NA,NA,NA
FL,2,853,853,853,853,853,853,853,NA,NA,NA,NA,NA
GA,2,620,620,620,620,620,620,620,NA,NA,NA,NA,NA
HI,2,246,246,246,246,246,246,246,NA,NA,246,246,246
IA,2,446,446,446,446,446,446,446,446,NA,NA,NA,NA
ID,2,398,398,398,398,398,398,398,NA,398,NA,NA,398
IL,2,657,657,657,657,657,657,657,NA,NA,NA,657,NA
IN,2,506,506,506,506,506,506,506,506,NA,NA,506,NA
KS,2,518,518,518,518,518,518,518,518,NA,NA,NA,NA
KY,2,441,441,441,441,441,441,441,NA,NA,NA,NA,NA
LA,2,446,446,446,446,446,446,446,NA,NA,NA,NA,NA
MA,2,544,544,544,544,544,544,544,NA,NA,NA,NA,NA
MD,2,474,474,474,474,474,474,474,NA,NA,NA,NA,NA
ME,2,397,397,397,397,397,397,397,397,397,397,NA,397
MI,2,624,624,624,624,624,624,624,NA,NA,NA,NA,NA
MN,2,479,479,479,479,479,479,479,NA,NA,NA,NA,NA
MO,2,530,530,530,530,530,530,530,NA,NA,NA,NA,530
MS,2,425,425,425,425,425,425,425,NA,NA,NA,NA,425
MT,2,284,284,284,284,284,284,284,NA,284,284,NA,NA
NC,2,608,608,608,608,608,608,608,NA,NA,NA,NA,NA
ND,2,237,237,237,237,237,237,237,NA,NA,237,NA,NA
NE,2,299,299,299,299,299,299,299,NA,NA,NA,NA,299
NH,2,398,398,398,398,398,398,398,NA,398,NA,NA,398
NJ,2,638,638,638,638,638,638,638,NA,638,NA,NA,NA
NM,2,237,237,237,237,237,237,237,NA,NA,237,NA,237
NV,2,460,460,460,460,460,460,460,460,NA,NA,NA,NA
NY,2,841,841,841,841,841,841,841,NA,NA,NA,NA,NA
OH,2,621,621,621,621,621,621,621,NA,NA,621,NA,NA
OK,2,393,393,393,393,393,393,393,NA,NA,NA,NA,393
OR,2,461,461,461,461,461,461,461,NA,461,NA,461,NA
PA,2,651,651,651,651,651,651,651,NA,NA,NA,NA,NA
RI,2,344,344,344,344,344,344,344,NA,NA,NA,NA,NA
SC,2,488,488,488,488,488,488,488,NA,NA,NA,NA,NA
SD,2,258,258,258,258,258,258,258,NA,258,NA,NA,NA
TN,2,520,520,520,520,520,520,520,NA,NA,NA,NA,520
TX,2,752,752,752,752,752,752,752,752,752,NA,NA,NA
UT,2,355,355,355,355,355,355,355,NA,NA,NA,NA,355
VA,2,622,622,622,622,622,622,622,NA,622,NA,NA,NA
VT,2,274,274,274,274,274,274,274,274,NA,274,274,274
WA,2,527,527,527,527,527,527,527,NA,NA,527,NA,NA
WI,2,621,621,621,621,621,621,621,NA,NA,621,NA,NA
WV,2,369,369,369,369,369,369,369,NA,NA,NA,NA,NA
WY,2,168,168,168,168,168,168,168,NA,NA,NA,NA,168
AK,3,129,129,129,129,129,129,129,129,129,129,129,NA
AL,3,396,396,396,396,396,396,396,NA,NA,NA,NA,396
AR,3,333,333,333,333,333,333,333,333,NA,NA,333,333
AZ,3,526,526,526,526,526,526,526,526,526,NA,NA,526
CA,3,994,994,994,994,994,994,994,NA,NA,NA,NA,994
CO,3,432,432,432,432,432,432,432,NA,432,NA,NA,NA
CT,3,263,263,263,263,263,263,263,263,263,263,NA,263
DC,3,149,149,149,149,149,149,149,149,149,149,NA,149
DE,3,418,418,418,418,418,418,418,NA,NA,NA,NA,418
FL,3,699,699,699,699,699,699,699,NA,NA,NA,NA,NA
GA,3,480,480,480,480,480,480,480,NA,NA,NA,NA,NA
HI,3,318,318,318,318,318,318,318,318,NA,318,NA,318
IA,3,264,264,264,264,264,264,264,264,NA,NA,NA,264
ID,3,404,404,404,404,404,404,404,NA,NA,NA,NA,NA
IL,3,582,582,582,582,582,582,582,NA,NA,NA,NA,NA
IN,3,417,417,417,417,417,417,417,NA,NA,NA,417,NA
KS,3,259,259,259,259,259,259,259,259,259,259,259,259
KY,3,360,360,360,360,360,360,360,360,360,360,NA,360
LA,3,410,410,410,410,410,410,410,410,NA,NA,NA,NA
MA,3,485,485,485,485,485,485,485,NA,NA,NA,NA,NA
MD,3,440,440,440,440,440,440,440,NA,NA,NA,NA,440
ME,3,412,412,412,412,412,412,412,NA,NA,NA,NA,NA
MI,3,516,516,516,516,516,516,516,NA,NA,NA,NA,NA
MN,3,372,372,372,372,372,372,372,NA,372,372,NA,372
MO,3,496,496,496,496,496,496,496,NA,NA,NA,NA,496
MS,3,252,252,252,252,252,252,252,252,NA,NA,NA,NA
MT,3,233,233,233,233,233,233,233,NA,NA,NA,NA,233
NC,3,558,558,558,558,558,558,558,NA,NA,NA,NA,558
ND,3,237,237,237,237,237,237,237,NA,NA,NA,NA,NA
NE,3,178,178,178,178,178,178,178,178,NA,NA,NA,NA
NH,3,378,378,378,378,378,378,378,378,NA,NA,378,378
NJ,3,591,591,591,591,591,591,591,NA,NA,NA,NA,NA
NM,3,173,173,173,173,173,173,173,NA,173,NA,173,NA
NV,3,301,301,301,301,301,301,301,NA,NA,301,301,301
NY,3,736,736,736,736,736,736,736,NA,NA,NA,NA,NA
OH,3,529,529,529,529,529,529,529,NA,NA,NA,NA,NA
OK,3,329,329,329,329,329,329,329,NA,NA,NA,NA,NA
OR,3,452,452,452,452,452,452,452,NA,NA,452,NA,NA
PA,3,595,595,595,595,595,595,595,NA,NA,NA,NA,NA
RI,3,196,196,196,196,196,196,196,NA,NA,NA,NA,NA
SC,3,394,394,394,394,394,394,394,394,NA,NA,NA,394
SD,3,198,198,198,198,198,198,198,198,198,NA,NA,198
TN,3,429,429,429,429,429,429,429,429,429,429,NA,429
TX,3,723,723,723,723,723,723,723,NA,NA,NA,NA,723
UT,3,315,315,315,315,315,315,315,315,NA,NA,NA,315
VA,3,511,511,511,511,511,511,511,NA,511,NA,NA,NA
VT,3,182,182,182,182,182,182,182,NA,182,182,182,182
WA,3,553,553,553,553,553,553,553,NA,NA,NA,NA,553
WI,3,461,461,461,461,461,461,461,NA,NA,NA,NA,NA
WV,3,218,218,218,218,218,218,218,218,218,NA,NA,218
WY,3,115,115,115,115,115,115,115,115,115,115,115,115
AK,5,169,169,169,169,169,169,169,169,169,NA,NA,169
AL,5,416,416,416,416,416,416,416,NA,NA,NA,NA,416
AR,5,394,394,394,394,394,394,394,394,NA,NA,NA,394
AZ,5,614,614,614,614,614,614,614,NA,NA,NA,NA,614
CA,5,871,871,871,871,871,871,871,871,NA,NA,NA,NA
CO,5,496,496,496,496,496,496,496,NA,496,496,NA,NA
CT,5,424,424,424,424,424,424,424,424,NA,NA,NA,NA
DC,5,307,307,307,307,307,307,307,NA,NA,NA,NA,307
DE,5,356,356,356,356,356,356,356,NA,NA,NA,NA,NA
FL,5,862,862,862,862,862,862,862,NA,NA,NA,NA,NA
GA,5,508,508,508,508,508,508,508,NA,NA,NA,NA,NA
HI,5,498,498,498,498,498,498,498,NA,NA,NA,NA,498
IA,5,414,414,414,414,414,414,414,414,NA,NA,414,NA
ID,5,363,363,363,363,363,363,363,363,NA,363,NA,363
IL,5,555,555,555,555,555,555,555,NA,NA,NA,NA,NA
IN,5,497,497,497,497,497,497,497,NA,NA,NA,NA,NA
KS,5,378,378,378,378,378,378,378,378,378,378,378,NA
KY,5,441,441,441,441,441,441,441,441,NA,NA,NA,441
LA,5,405,405,405,405,405,405,405,NA,NA,NA,NA,405
MA,5,480,480,480,480,480,480,480,NA,NA,NA,NA,480
MD,5,470,470,470,470,470,470,470,NA,NA,NA,NA,NA
ME,5,381,381,381,381,381,381,381,NA,NA,NA,381,NA
MI,5,470,470,470,470,470,470,470,NA,NA,NA,NA,NA
MN,5,498,498,498,498,498,498,498,NA,NA,NA,NA,NA
MO,5,486,486,486,486,486,486,486,NA,NA,486,NA,NA
MS,5,350,350,350,350,350,350,350,NA,NA,NA,NA,350
MT,5,296,296,296,296,296,296,296,296,NA,NA,296,296
NC,5,563,563,563,563,563,563,563,NA,563,NA,NA,NA
ND,5,200,200,200,200,200,200,200,NA,NA,NA,NA,200
NE,5,385,385,385,385,385,385,385,NA,NA,385,NA,385
NH,5,376,376,376,376,376,376,376,376,NA,NA,NA,376
NJ,5,506,506,506,506,506,506,506,NA,NA,NA,NA,NA
NM,5,324,324,324,324,324,324,324,324,324,324,324,324
NV,5,395,395,395,395,395,395,395,NA,NA,NA,NA,395
NY,5,660,660,660,660,660,660,660,NA,NA,NA,NA,NA
OH,5,586,586,586,586,586,586,586,NA,NA,NA,NA,NA
OK,5,368,368,368,368,368,368,368,368,NA,NA,NA,368
OR,5,460,460,460,460,460,460,460,NA,NA,NA,NA,NA
PA,5,606,606,606,606,606,606,606,NA,NA,NA,NA,NA
RI,5,330,330,330,330,330,330,330,NA,NA,NA,NA,330
SC,5,476,476,476,476,476,476,476,476,NA,NA,NA,476
SD,5,312,312,312,312,312,312,312,NA,NA,NA,NA,312
TN,5,487,487,487,487,487,487,487,NA,NA,NA,NA,487
TX,5,883,883,883,883,883,883,883,NA,NA,NA,NA,NA
UT,5,358,358,358,358,358,358,358,358,358,NA,NA,NA
VA,5,571,571,571,571,571,571,571,571,NA,NA,NA,571
VT,5,241,241,241,241,241,241,241,NA,NA,NA,NA,241
WA,5,450,450,450,450,450,450,450,NA,NA,450,NA,450
WI,5,487,487,487,487,487,487,487,487,NA,NA,NA,487
WV,5,333,333,333,333,333,333,333,333,333,NA,NA,333
WY,5,149,149,149,149,149,149,149,149,149,149,149,NA
AK,7,129,129,129,129,129,129,129,129,129,129,129,129
AL,7,440,440,440,440,440,440,440,NA,440,NA,NA,440
AR,7,394,394,394,394,394,394,394,NA,NA,NA,NA,NA
AZ,7,352,352,352,352,352,352,352,352,NA,NA,NA,NA
CA,7,558,558,558,558,558,558,558,558,NA,NA,NA,NA
CO,7,377,377,377,377,377,377,377,NA,NA,NA,NA,377
CT,7,407,407,407,407,407,407,407,NA,NA,NA,NA,NA
DC,7,283,283,283,283,283,283,283,283,NA,NA,NA,283
DE,7,285,285,285,285,285,285,285,NA,NA,NA,NA,NA
FL,7,498,498,498,498,498,498,498,NA,NA,NA,498,NA
GA,7,442,442,442,442,442,442,442,NA,NA,NA,NA,NA
HI,7,295,295,295,295,295,295,295,295,295,NA,NA,NA
IA,7,412,412,412,412,412,412,412,NA,NA,NA,NA,NA
ID,7,358,358,358,358,358,358,358,NA,358,358,NA,NA
IL,7,474,474,474,474,474,474,474,NA,NA,NA,474,474
IN,7,322,322,322,322,322,322,322,NA,322,NA,322,322
KS,7,368,368,368,368,368,368,368,368,NA,NA,368,NA
KY,7,396,396,396,396,396,396,396,NA,NA,NA,NA,NA
LA,7,412,412,412,412,412,412,412,NA,NA,NA,412,NA
MA,7,382,382,382,382,382,382,382,382,382,NA,NA,382
MD,7,472,472,472,472,472,472,472,472,NA,NA,NA,NA
ME,7,317,317,317,317,317,317,317,NA,NA,NA,NA,317
MI,7,372,372,372,372,372,372,372,372,372,NA,NA,NA
MN,7,389,389,389,389,389,389,389,389,389,389,NA,389
MO,7,358,358,358,358,358,358,358,NA,358,NA,NA,NA
MS,7,389,389,389,389,389,389,389,389,389,389,NA,389
MT,7,292,292,292,292,292,292,292,NA,NA,292,NA,292
NC,7,447,447,447,447,447,447,447,NA,NA,NA,NA,447
ND,7,215,215,215,215,215,215,215,NA,NA,NA,NA,215
NE,7,337,337,337,337,337,337,337,NA,NA,NA,NA,NA
NH,7,318,318,318,318,318,318,318,NA,NA,NA,NA,318
NJ,7,396,396,396,396,396,396,396,NA,NA,NA,NA,396
NM,7,353,353,353,353,353,353,353,NA,353,353,NA,NA
NV,7,434,434,434,434,434,434,434,NA,NA,NA,NA,434
NY,7,476,476,476,476,476,476,476,NA,NA,NA,NA,NA
OH,7,486,486,486,486,486,486,486,NA,NA,NA,NA,486
OK,7,392,392,392,392,392,392,392,392,NA,NA,NA,392
OR,7,405,405,405,405,405,405,405,NA,NA,NA,NA,NA
PA,7,479,479,479,479,479,479,479,NA,NA,NA,NA,479
RI,7,351,351,351,351,351,351,351,NA,NA,NA,NA,NA
SC,7,428,428,428,428,428,428,428,428,NA,428,NA,428
SD,7,271,271,271,271,271,271,271,NA,NA,NA,NA,271
TN,7,479,479,479,479,479,479,479,479,479,NA,NA,479
TX,7,491,491,491,491,491,491,491,NA,NA,NA,NA,491
UT,7,456,456,456,456,456,456,456,NA,NA,NA,NA,456
VA,7,410,410,410,410,410,410,410,NA,NA,NA,410,NA
VT,7,216,216,216,216,216,216,216,NA,216,NA,NA,216
WA,7,456,456,456,456,456,456,456,NA,NA,NA,NA,NA
WI,7,448,448,448,448,448,448,448,NA,NA,NA,NA,NA
WV,7,364,364,364,364,364,364,364,NA,NA,NA,NA,NA
WY,7,156,156,156,156,156,156,156,NA,NA,156,NA,156
AK,9,127,127,127,127,127,127,127,NA,127,NA,NA,127
AL,9,524,524,524,524,524,524,524,NA,524,NA,NA,NA
AR,9,391,391,391,391,391,391,391,NA,NA,NA,391,391
AZ,9,467,467,467,467,467,467,467,467,467,467,NA,467
CA,9,818,818,818,818,818,818,818,NA,NA,NA,NA,NA
CO,9,480,480,480,480,480,480,480,480,NA,NA,NA,NA
CT,9,416,416,416,416,416,416,416,416,NA,416,NA,NA
DC,9,227,227,227,227,227,227,227,NA,NA,NA,NA,227
DE,9,285,285,285,285,285,285,285,285,NA,NA,NA,285
FL,9,595,595,595,595,595,595,595,595,595,NA,595,595
GA,9,608,608,608,608,608,608,608,NA,608,NA,NA,NA
HI,9,261,261,261,261,261,261,261,261,NA,261,NA,261
IA,9,257,257,257,257,257,257,257,NA,NA,NA,NA,NA
ID,9,273,273,273,273,273,273,273,NA,273,273,NA,NA
IL,9,510,510,510,510,510,510,510,510,510,NA,NA,510
IN,9,467,467,467,467,467,467,467,467,NA,467,467,NA
KS,9,442,442,442,442,442,442,442,NA,NA,NA,442,442
KY,9,518,518,518,518,518,518,518,NA,NA,NA,518,NA
LA,9,446,446,446,446,446,446,446,NA,NA,NA,446,NA
MA,9,606,606,606,606,606,606,606,NA,NA,NA,NA,NA
MD,9,545,545,545,545,545,545,545,545,NA,NA,NA,NA
ME,9,286,286,286,286,286,286,286,NA,NA,286,286,286
MI,9,585,585,585,585,585,585,585,NA,NA,NA,NA,NA
MN,9,536,536,536,536,536,536,536,NA,NA,536,NA,536
MO,9,512,512,512,512,512,512,512,512,NA,NA,NA,NA
MS,9,404,404,404,404,404,404,404,NA,NA,NA,NA,404
MT,9,212,212,212,212,212,212,212,NA,NA,212,212,212
NC,9,517,517,517,517,517,517,517,NA,NA,517,517,517
ND,9,195,195,195,195,195,195,195,195,NA,195,195,NA
NE,9,307,307,307,307,307,307,307,NA,NA,307,NA,307
NH,9,205,205,205,205,205,205,205,205,205,205,NA,205
NJ,9,523,523,523,523,523,523,523,523,NA,NA,NA,NA
NM,9,319,319,319,319,319,319,319,319,319,319,319,319
NV,9,498,498,498,498,498,498,498,NA,NA,NA,NA,NA
NY,9,629,629,629,629,629,629,629,NA,NA,NA,NA,NA
OH,9,523,523,523,523,523,523,523,NA,NA,523,NA,523
OK,9,498,498,498,498,498,498,498,NA,NA,NA,NA,NA
OR,9,478,478,478,478,478,478,478,478,478,478,NA,478
PA,9,520,520,520,520,520,520,520,NA,520,NA,NA,520
RI,9,257,257,257,257,257,257,257,NA,257,257,NA,257
SC,9,457,457,457,457,457,457,457,NA,NA,NA,NA,NA
SD,9,191,191,191,191,191,191,191,191,191,191,191,191
TN,9,515,515,515,515,515,515,515,515,NA,NA,NA,NA
TX,9,647,647,647,647,647,647,647,647,NA,NA,NA,647
UT,9,278,278,278,278,278,278,278,278,278,278,278,278
VA,9,541,541,541,541,541,541,541,NA,NA,NA,NA,NA
VT,9,137,137,137,137,137,137,137,137,NA,NA,137,137
WA,9,497,497,497,497,497,497,497,NA,NA,NA,NA,497
WI,9,450,450,450,450,450,450,450,NA,NA,NA,NA,NA
WV,9,372,372,372,372,372,372,372,NA,NA,NA,NA,NA
WY,9,144,144,144,144,144,144,144,144,NA,144,144,144
AK,10,188,188,188,188,188,188,188,188,188,188,NA,188
AL,10,457,457,457,457,457,457,457,NA,NA,NA,NA,NA
AR,10,291,291,291,291,291,291,291,291,NA,NA,NA,291
AZ,10,523,523,523,523,523,523,523,NA,NA,NA,NA,NA
CA,10,1180,1180,1180,1180,1180,1180,1180,NA,NA,NA,NA,NA
CO,10,420,420,420,420,420,420,420,420,NA,NA,420,420
CT,10,434,434,434,434,434,434,434,434,NA,NA,NA,434
DC,10,270,270,270,270,270,270,270,NA,NA,NA,270,270
DE,10,322,322,322,322,322,322,322,322,NA,NA,NA,322
FL,10,873,873,873,873,873,873,873,NA,NA,NA,NA,NA
GA,10,566,566,566,566,566,566,566,NA,566,566,NA,566
HI,10,348,348,348,348,348,348,348,348,NA,NA,348,NA
IA,10,327,327,327,327,327,327,327,NA,NA,327,NA,NA
ID,10,373,373,373,373,373,373,373,373,373,NA,373,373
IL,10,620,620,620,620,620,620,620,620,620,NA,NA,NA
IN,10,455,455,455,455,455,455,455,455,NA,NA,NA,455
KS,10,427,427,427,427,427,427,427,427,NA,427,NA,427
KY,10,349,349,349,349,349,349,349,349,NA,NA,NA,NA
LA,10,331,331,331,331,331,331,331,NA,NA,NA,NA,NA
MA,10,485,485,485,485,485,485,485,485,NA,NA,NA,485
MD,10,521,521,521,521,521,521,521,NA,NA,NA,NA,521
ME,10,315,315,315,315,315,315,315,NA,NA,315,315,315
MI,10,429,429,429,429,429,429,429,NA,429,NA,NA,NA
MN,10,365,365,365,365,365,365,365,365,NA,NA,NA,365
MO,10,540,540,540,540,540,540,540,NA,NA,540,NA,540
MS,10,389,389,389,389,389,389,389,NA,NA,NA,NA,NA
MT,10,280,280,280,280,280,280,280,NA,NA,280,280,280
NC,10,561,561,561,561,561,561,561,NA,NA,NA,NA,NA
ND,10,254,254,254,254,254,254,254,254,254,NA,NA,254
NE,10,323,323,323,323,323,323,323,NA,NA,NA,NA,323
NH,10,337,337,337,337,337,337,337,NA,337,NA,NA,NA
NJ,10,511,511,511,511,511,511,511,511,NA,NA,NA,NA
NM,10,387,387,387,387,387,387,387,NA,NA,NA,NA,NA
NV,10,334,334,334,334,334,334,334,NA,NA,NA,NA,334
NY,10,806,806,806,806,806,806,806,NA,NA,NA,NA,NA
OH,10,604,604,604,604,604,604,604,NA,NA,NA,NA,604
OK,10,377,377,377,377,377,377,377,NA,NA,NA,NA,377
OR,10,406,406,406,406,406,406,406,406,NA,406,NA,406
PA,10,678,678,678,678,678,678,678,678,NA,NA,NA,678
RI,10,318,318,318,318,318,318,318,318,318,318,NA,318
SC,10,382,382,382,382,382,382,382,NA,NA,NA,NA,382
SD,10,327,327,327,327,327,327,327,327,327,327,NA,327
TN,10,558,558,558,558,558,558,558,NA,558,NA,NA,558
TX,10,1119,1119,1119,1119,1119,1119,1119,NA,NA,NA,NA,NA
UT,10,435,435,435,435,435,435,435,NA,NA,NA,NA,435
VA,10,523,523,523,523,523,523,523,NA,NA,NA,523,NA
VT,10,180,180,180,180,180,180,180,180,180,180,NA,180
WA,10,554,554,554,554,554,554,554,554,NA,554,554,NA
WI,10,483,483,483,483,483,483,483,483,NA,483,NA,483
WV,10,336,336,336,336,336,336,336,336,NA,336,NA,NA
WY,10,179,179,179,179,179,179,179,NA,179,179,179,179
AK,11,63,63,63,63,63,63,63,189,189,189,189,189
AL,11,366,366,366,366,366,366,366,NA,NA,NA,366,366
AR,11,215,215,215,215,215,215,215,NA,NA,215,NA,215
AZ,11,340,340,340,340,340,340,340,NA,340,NA,340,NA
CA,11,727,727,727,727,727,727,727,NA,NA,NA,NA,727
CO,11,223,223,223,223,223,223,223,NA,NA,223,NA,223
CT,11,262,262,262,262,262,262,262,262,NA,NA,262,NA
DC,11,89,89,89,89,89,89,89,201,NA,NA,201,201
DE,11,242,242,242,242,242,242,242,NA,NA,242,NA,242
FL,11,695,695,695,695,695,695,695,NA,NA,695,695,NA
GA,11,410,410,410,410,410,410,410,NA,NA,NA,NA,NA
HI,11,120,120,120,120,120,120,120,343,343,343,343,343
IA,11,324,324,324,324,324,324,324,NA,NA,NA,NA,324
ID,11,289,289,289,289,289,289,289,289,NA,NA,289,289
IL,11,545,545,545,545,545,545,545,NA,NA,NA,NA,545
IN,11,461,461,461,461,461,461,461,461,NA,NA,461,NA
KS,11,308,308,308,308,308,308,308,308,308,308,308,308
KY,11,457,457,457,457,457,457,457,457,NA,NA,NA,457
LA,11,267,267,267,267,267,267,267,NA,NA,267,NA,NA
MA,11,341,341,341,341,341,341,341,NA,NA,NA,NA,NA
MD,11,398,398,398,398,398,398,398,398,398,NA,NA,398
ME,11,127,127,127,127,127,127,127,NA,240,NA,NA,240
MI,11,449,449,449,449,449,449,449,449,NA,449,NA,449
MN,11,381,381,381,381,381,381,381,NA,NA,NA,NA,381
MO,11,503,503,503,503,503,503,503,NA,NA,NA,NA,NA
MS,11,437,437,437,437,437,437,437,437,NA,NA,NA,437
MT,11,86,86,86,86,86,86,86,NA,NA,NA,NA,260
NC,11,562,562,562,562,562,562,562,562,NA,NA,NA,562
ND,11,61,61,61,61,61,61,61,NA,NA,NA,NA,290
NE,11,358,358,358,358,358,358,358,359,NA,NA,NA,359
NH,11,299,299,299,299,299,299,299,NA,299,299,299,299
NJ,11,465,465,465,465,465,465,465,465,NA,NA,NA,465
NM,11,283,283,283,283,283,283,283,NA,NA,NA,NA,283
NV,11,310,310,310,310,310,310,310,NA,NA,310,NA,310
NY,11,657,657,657,657,657,657,657,657,NA,NA,NA,NA
OH,11,603,603,603,603,603,603,603,NA,NA,NA,NA,603
OK,11,310,310,310,310,310,310,310,NA,NA,NA,NA,310
OR,11,319,319,319,319,319,319,319,319,319,NA,NA,319
PA,11,791,791,791,791,791,791,791,NA,NA,NA,NA,NA
RI,11,101,101,101,101,101,101,101,NA,223,223,NA,223
SC,11,444,444,444,444,444,444,444,NA,NA,NA,NA,444
SD,11,125,125,125,125,125,125,125,NA,NA,NA,NA,341
TN,11,479,479,479,479,479,479,479,479,NA,NA,NA,NA
TX,11,622,622,622,622,622,622,622,NA,622,NA,NA,622
UT,11,183,183,183,183,183,183,183,NA,183,183,NA,183
VA,11,399,399,399,399,399,399,399,NA,399,NA,NA,399
VT,11,59,59,59,59,59,59,59,NA,NA,NA,NA,242
WA,11,466,466,466,466,466,466,466,NA,NA,466,NA,NA
WI,11,435,435,435,435,435,435,435,NA,NA,NA,435,435
WV,11,396,396,396,396,396,396,396,NA,NA,NA,NA,415
WY,11,55,55,55,55,55,55,55,200,200,200,200,200
AK,12,72,72,72,72,72,72,72,232,NA,232,NA,232
AL,12,243,243,243,243,243,243,243,NA,243,NA,243,243
AR,12,320,320,320,320,320,320,320,NA,NA,NA,NA,NA
AZ,12,266,266,266,266,266,266,266,266,266,NA,NA,266
CA,12,381,381,381,381,381,381,381,381,381,NA,381,NA
CO,12,340,340,340,340,340,340,340,340,340,NA,NA,NA
CT,12,281,281,281,281,281,281,281,NA,NA,NA,NA,281
DC,12,75,75,75,75,75,75,75,NA,NA,282,282,282
DE,12,239,239,239,239,239,239,239,NA,239,NA,239,239
FL,12,313,313,313,313,313,313,313,313,313,NA,NA,313
GA,12,249,249,249,249,249,249,249,249,249,249,NA,NA
HI,12,120,120,120,120,120,120,120,367,367,NA,NA,367
IA,12,338,338,338,338,338,338,338,NA,NA,NA,338,NA
ID,12,245,245,245,245,245,245,245,264,264,NA,NA,264
IL,12,281,281,281,281,281,281,281,NA,281,NA,NA,281
IN,12,232,232,232,232,232,232,232,232,232,232,NA,NA
KS,12,212,212,212,212,212,212,212,212,NA,212,NA,212
KY,12,323,323,323,323,323,323,323,NA,NA,NA,NA,323
LA,12,296,296,296,296,296,296,296,343,343,343,NA,343
MA,12,291,291,291,291,291,291,291,NA,NA,291,291,NA
MD,12,258,258,258,258,258,258,258,258,258,258,258,NA
ME,12,168,168,168,168,168,168,168,457,NA,NA,NA,457
MI,12,320,320,320,320,320,320,320,320,NA,NA,NA,NA
MN,12,343,343,343,343,343,343,343,NA,NA,NA,NA,413
MO,12,285,285,285,285,285,285,285,285,285,NA,NA,285
MS,12,312,312,312,312,312,312,312,312,NA,NA,NA,312
MT,12,143,143,143,143,143,143,143,NA,342,342,342,NA
NC,12,289,289,289,289,289,289,289,289,NA,NA,289,289
ND,12,47,47,47,47,47,47,47,242,NA,NA,242,242
NE,12,267,267,267,267,267,267,267,285,285,NA,285,285
NH,12,233,233,233,233,233,233,233,241,NA,NA,NA,241
NJ,12,255,255,255,255,255,255,255,NA,255,255,NA,255
NM,12,268,268,268,268,268,268,268,NA,284,NA,284,NA
NV,12,330,330,330,330,330,330,330,356,356,356,NA,356
NY,12,340,340,340,340,340,340,340,NA,340,NA,NA,NA
OH,12,298,298,298,298,298,298,298,NA,NA,NA,NA,298
OK,12,295,295,295,295,295,295,295,346,NA,NA,NA,NA
OR,12,292,292,292,292,292,292,292,292,NA,NA,292,292
PA,12,291,291,291,291,291,291,291,291,291,291,NA,NA
RI,12,93,93,93,93,93,93,93,298,NA,298,NA,NA
SC,12,369,369,369,369,369,369,369,NA,NA,NA,NA,369
SD,12,89,89,89,89,89,89,89,268,268,268,NA,268
TN,12,236,236,236,236,236,236,236,NA,236,NA,NA,236
TX,12,426,426,426,426,426,426,426,426,NA,NA,NA,426
UT,12,290,290,290,290,290,290,290,NA,312,NA,NA,312
VA,12,278,278,278,278,278,278,278,NA,NA,NA,NA,278
VT,12,59,59,59,59,59,59,59,NA,NA,NA,200,200
WA,12,247,247,247,247,247,247,247,247,247,247,247,NA
WI,12,260,260,260,260,260,260,260,NA,NA,NA,NA,260
WV,12,149,149,149,149,149,149,149,NA,333,NA,333,333
WY,12,68,68,68,68,68,68,68,197,NA,NA,197,197
AK,13,123,123,123,123,123,123,123,NA,NA,NA,NA,372
AL,13,462,462,462,462,462,462,462,NA,NA,NA,462,NA
AR,13,489,489,489,489,489,489,489,NA,NA,NA,NA,NA
AZ,13,529,529,529,529,529,529,529,NA,NA,NA,NA,529
CA,13,788,788,788,788,788,788,788,NA,NA,NA,NA,NA
CO,13,495,495,495,495,495,495,495,NA,NA,495,NA,495
CT,13,430,430,430,430,430,430,430,NA,430,NA,NA,430
DC,13,132,132,132,132,132,132,132,417,NA,417,NA,417
DE,13,231,231,231,231,231,231,231,NA,NA,NA,NA,427
FL,13,727,727,727,727,727,727,727,NA,NA,NA,NA,NA
GA,13,607,607,607,607,607,607,607,NA,NA,NA,NA,NA
HI,13,200,200,200,200,200,200,200,386,NA,NA,386,386
IA,13,496,496,496,496,496,496,496,NA,NA,NA,NA,496
ID,13,395,395,395,395,395,395,395,610,NA,610,NA,NA
IL,13,574,574,574,574,574,574,574,NA,NA,NA,NA,NA
IN,13,446,446,446,446,446,446,446,NA,NA,NA,NA,446
KS,13,422,422,422,422,422,422,422,NA,NA,NA,NA,422
KY,13,560,560,560,560,560,560,560,560,NA,NA,NA,NA
LA,13,500,500,500,500,500,500,500,500,500,NA,NA,NA
MA,13,470,470,470,470,470,470,470,NA,NA,NA,NA,NA
MD,13,383,383,383,383,383,383,383,383,NA,NA,NA,383
ME,13,320,320,320,320,320,320,320,NA,NA,NA,NA,718
MI,13,594,594,594,594,594,594,594,NA,NA,NA,NA,594
MN,13,597,597,597,597,597,597,597,NA,597,597,NA,NA
MO,13,538,538,538,538,538,538,538,NA,538,NA,NA,NA
MS,13,568,568,568,568,568,568,568,NA,568,NA,NA,568
MT,13,166,166,166,166,166,166,166,NA,NA,536,NA,536
NC,13,550,550,550,550,550,550,550,NA,NA,NA,599,NA
ND,13,133,133,133,133,133,133,133,NA,NA,NA,NA,417
NE,13,498,498,498,498,498,498,498,498,498,NA,NA,NA
NH,13,469,469,469,469,469,469,469,469,NA,NA,469,469
NJ,13,474,474,474,474,474,474,474,NA,NA,NA,NA,474
NM,13,451,451,451,451,451,451,451,451,451,NA,451,NA
NV,13,586,586,586,586,586,586,586,586,NA,NA,NA,NA
NY,13,750,750,750,750,750,750,750,750,NA,750,NA,NA
OH,13,568,568,568,568,568,568,568,568,NA,NA,NA,NA
OK,13,573,573,573,573,573,573,573,NA,NA,NA,NA,NA
OR,13,514,514,514,514,514,514,514,NA,514,NA,NA,NA
PA,13,579,579,579,579,579,579,579,579,NA,NA,579,579
RI,13,195,195,195,195,195,195,195,NA,NA,NA,557,NA
SC,13,573,573,573,573,573,573,573,573,NA,NA,NA,NA
SD,13,143,143,143,143,143,143,143,NA,NA,NA,NA,453
TN,13,461,461,461,461,461,461,461,461,NA,NA,NA,461
TX,13,734,734,734,734,734,734,734,NA,NA,NA,NA,NA
UT,13,407,407,407,407,407,407,407,407,407,NA,NA,407
VA,13,488,488,488,488,488,488,488,NA,NA,NA,NA,488
VT,13,97,97,97,97,97,97,97,NA,316,316,316,316
WA,13,537,537,537,537,537,537,537,NA,NA,NA,NA,537
WI,13,740,740,740,740,740,740,740,NA,740,NA,NA,NA
WV,13,438,438,438,438,438,438,438,438,NA,438,438,438
WY,13,80,80,80,80,80,80,80,319,NA,NA,NA,319
AK,14,420,420,420,420,420,420,420,NA,NA,NA,NA,420
AL,14,465,465,465,465,465,465,465,NA,NA,NA,465,NA
AR,14,490,490,490,490,490,490,490,490,490,NA,NA,490
AZ,14,478,478,478,478,478,478,478,NA,NA,NA,478,NA
CA,14,609,609,609,609,609,609,609,609,609,609,NA,609
CO,14,529,529,529,529,529,529,529,NA,NA,NA,529,NA
CT,14,506,506,506,506,506,506,506,506,NA,NA,NA,NA
DC,14,434,434,434,434,434,434,434,434,NA,NA,NA,434
DE,14,550,550,550,550,550,550,550,NA,NA,550,NA,550
FL,14,559,559,559,559,559,559,559,NA,NA,NA,NA,NA
GA,14,493,493,493,493,493,493,493,NA,NA,NA,NA,NA
HI,14,619,619,619,619,619,619,619,NA,NA,NA,NA,NA
IA,14,443,443,443,443,443,443,443,NA,NA,NA,NA,443
ID,14,595,595,595,595,595,595,595,595,595,NA,NA,595
IL,14,542,542,542,542,542,542,542,NA,542,542,542,542
IN,14,487,487,487,487,487,487,487,NA,NA,NA,NA,NA
KS,14,491,491,491,491,491,491,491,NA,NA,NA,NA,491
KY,14,447,447,447,447,447,447,447,NA,NA,NA,NA,NA
LA,14,491,491,491,491,491,491,491,491,491,NA,NA,491
MA,14,517,517,517,517,517,517,517,NA,NA,517,NA,NA
MD,14,515,515,515,515,515,515,515,NA,NA,NA,NA,NA
ME,14,628,628,628,628,628,628,628,NA,NA,NA,NA,NA
MI,14,508,508,508,508,508,508,508,508,NA,NA,NA,508
MN,14,526,526,526,526,526,526,526,NA,NA,NA,526,NA
MO,14,495,495,495,495,495,495,495,NA,NA,NA,NA,NA
MS,14,518,518,518,518,518,518,518,518,NA,NA,NA,NA
MT,14,563,563,563,563,563,563,563,NA,563,NA,NA,563
NC,14,534,534,534,534,534,534,534,NA,NA,NA,NA,534
ND,14,518,518,518,518,518,518,518,518,NA,NA,NA,518
NE,14,602,602,602,602,602,602,602,NA,NA,602,NA,602
NH,14,575,575,575,575,575,575,575,NA,NA,NA,575,575
NJ,14,462,462,462,462,462,462,462,NA,NA,NA,NA,462
NM,14,494,494,494,494,494,494,494,494,NA,NA,NA,494
NV,14,498,498,498,498,498,498,498,498,NA,498,498,NA
NY,14,540,540,540,540,540,540,540,540,NA,NA,NA,NA
OH,14,512,512,512,512,512,512,512,NA,512,NA,NA,NA
OK,14,519,519,519,519,519,519,519,NA,NA,519,NA,519
OR,14,578,578,578,578,578,578,578,NA,NA,578,NA,578
PA,14,499,499,499,499,499,499,499,499,NA,NA,NA,NA
RI,14,551,551,551,551,551,551,551,551,NA,NA,NA,551
SC,14,448,448,448,448,448,448,448,448,NA,NA,448,448
SD,14,510,510,510,510,510,510,510,510,NA,NA,NA,510
TN,14,523,523,523,523,523,523,523,NA,NA,NA,NA,523
TX,14,565,565,565,565,565,565,565,NA,NA,NA,NA,NA
UT,14,491,491,491,491,491,491,491,NA,NA,NA,NA,491
VA,14,465,465,465,465,465,465,465,NA,NA,NA,NA,465
VT,14,430,430,430,430,430,430,430,430,NA,NA,NA,430
WA,14,556,556,556,556,556,556,556,NA,NA,NA,NA,556
WI,14,517,517,517,517,517,517,517,NA,NA,NA,NA,517
WV,14,452,452,452,452,452,452,452,452,452,452,NA,452
WY,14,356,356,356,356,356,356,356,NA,NA,NA,NA,356
AK,16,314,314,314,314,314,314,314,314,NA,NA,314,314
AL,16,398,398,398,398,398,398,398,398,NA,398,398,NA
AR,16,520,520,520,520,520,520,520,NA,NA,NA,NA,520
AZ,16,420,420,420,420,420,420,420,NA,420,420,420,420
CA,16,583,583,583,583,583,583,583,583,NA,NA,NA,NA
CO,16,506,506,506,506,506,506,506,NA,NA,NA,NA,NA
CT,16,437,437,437,437,437,437,437,437,437,437,NA,NA
DC,16,348,348,348,348,348,348,348,348,NA,NA,NA,NA
DE,16,412,412,412,412,412,412,412,412,NA,412,412,NA
FL,16,565,565,565,565,565,565,565,NA,NA,NA,NA,565
GA,16,492,492,492,492,492,492,492,NA,NA,NA,NA,492
HI,16,390,390,390,390,390,390,390,390,390,NA,390,390
IA,16,430,430,430,430,430,430,430,NA,NA,430,NA,430
ID,16,495,495,495,495,495,495,495,NA,NA,NA,NA,495
IL,16,507,507,507,507,507,507,507,NA,NA,NA,507,NA
IN,16,440,440,440,440,440,440,440,440,NA,440,440,NA
KS,16,435,435,435,435,435,435,435,NA,NA,NA,NA,435
KY,16,434,434,434,434,434,434,434,NA,NA,NA,NA,434
LA,16,410,410,410,410,410,410,410,410,NA,NA,NA,NA
MA,16,486,486,486,486,486,486,486,NA,NA,NA,NA,486
MD,16,455,455,455,455,455,455,455,NA,NA,NA,NA,NA
ME,16,510,510,510,510,510,510,510,510,NA,NA,510,510
MI,16,503,503,503,503,503,503,503,503,NA,NA,NA,503
MN,16,451,451,451,451,451,451,451,NA,451,NA,NA,NA
MO,16,440,440,440,440,440,440,440,440,440,440,NA,440
MS,16,466,466,466,466,466,466,466,466,NA,466,NA,NA
MT,16,470,470,470,470,470,470,470,NA,470,470,470,470
NC,16,514,514,514,514,514,514,514,NA,514,NA,NA,514
ND,16,374,374,374,374,374,374,374,NA,NA,NA,NA,374
NE,16,509,509,509,509,509,509,509,509,NA,509,509,NA
NH,16,401,401,401,401,401,401,401,401,NA,401,NA,NA
NJ,16,469,469,469,469,469,469,469,469,469,NA,NA,NA
NM,16,350,350,350,350,350,350,350,350,NA,NA,NA,NA
NV,16,423,423,423,423,423,423,423,NA,NA,NA,NA,423
NY,16,629,629,629,629,629,629,629,NA,NA,NA,NA,629
OH,16,560,560,560,560,560,560,560,NA,560,NA,NA,NA
OK,16,456,456,456,456,456,456,456,456,456,NA,456,456
OR,16,478,478,478,478,478,478,478,478,NA,NA,478,NA
PA,16,534,534,534,534,534,534,534,NA,NA,NA,NA,534
RI,16,400,400,400,400,400,400,400,NA,400,NA,NA,NA
SC,16,422,422,422,422,422,422,422,NA,422,422,NA,NA
SD,16,464,464,464,464,464,464,464,464,NA,NA,NA,NA
TN,16,486,486,486,486,486,486,486,486,NA,NA,NA,486
TX,16,604,604,604,604,604,604,604,NA,604,NA,NA,NA
UT,16,433,433,433,433,433,433,433,NA,NA,NA,433,433
VA,16,466,466,466,466,466,466,466,466,466,NA,466,466
VT,16,337,337,337,337,337,337,337,337,337,337,NA,337
WA,16,490,490,490,490,490,490,490,490,NA,NA,NA,490
WI,16,481,481,481,481,481,481,481,481,NA,NA,NA,481
WV,16,420,420,420,420,420,420,420,420,NA,NA,NA,420
WY,16,331,331,331,331,331,331,331,NA,NA,NA,NA,331
AK,17,225,225,225,225,225,225,225,225,225,225,225,225
AL,17,462,462,462,462,462,462,462,NA,NA,NA,NA,462
AR,17,483,483,483,483,483,483,483,NA,NA,NA,483,483
AZ,17,434,434,434,434,434,434,434,NA,NA,NA,NA,434
CA,17,808,808,808,808,808,808,808,NA,NA,NA,NA,808
CO,17,480,480,480,480,480,480,480,NA,NA,NA,NA,NA
CT,17,424,424,424,424,424,424,424,NA,NA,NA,NA,NA
DC,17,355,355,355,355,355,355,355,NA,NA,NA,NA,NA
DE,17,354,354,354,354,354,354,354,354,NA,NA,NA,354
FL,17,807,807,807,807,807,807,807,807,807,NA,NA,807
GA,17,528,528,528,528,528,528,528,NA,NA,NA,NA,528
HI,17,405,405,405,405,405,405,405,405,405,405,405,405
IA,17,396,396,396,396,396,396,396,396,396,396,NA,396
ID,17,395,395,395,395,395,395,395,395,NA,NA,NA,395
IL,17,558,558,558,558,558,558,558,NA,NA,558,NA,NA
IN,17,455,455,455,455,455,455,455,455,NA,NA,NA,455
KS,17,407,407,407,407,407,407,407,407,407,407,407,NA
KY,17,394,394,394,394,394,394,394,394,NA,NA,NA,394
LA,17,385,385,385,385,385,385,385,NA,NA,NA,NA,385
MA,17,475,475,475,475,475,475,475,475,NA,475,NA,NA
MD,17,439,439,439,439,439,439,439,439,439,NA,NA,NA
ME,17,519,519,519,519,519,519,519,519,NA,NA,NA,519
MI,17,482,482,482,482,482,482,482,NA,NA,NA,NA,482
MN,17,436,436,436,436,436,436,436,NA,NA,NA,NA,NA
MO,17,457,457,457,457,457,457,457,457,457,NA,NA,457
MS,17,464,464,464,464,464,464,464,NA,NA,NA,NA,464
MT,17,402,402,402,402,402,402,402,NA,NA,NA,402,402
NC,17,527,527,527,527,527,527,527,NA,NA,NA,NA,NA
ND,17,337,337,337,337,337,337,337,NA,NA,NA,337,337
NE,17,530,530,530,530,530,530,530,530,NA,NA,NA,NA
NH,17,536,536,536,536,536,536,536,536,NA,NA,NA,536
NJ,17,488,488,488,488,488,488,488,488,NA,NA,NA,NA
NM,17,479,479,479,479,479,479,479,NA,NA,NA,479,479
NV,17,363,363,363,363,363,363,363,NA,363,363,NA,363
NY,17,764,764,764,764,764,764,764,764,NA,NA,NA,NA
OH,17,568,568,568,568,568,568,568,568,NA,NA,NA,NA
OK,17,413,413,413,413,413,413,413,413,NA,413,413,NA
OR,17,392,392,392,392,392,392,392,NA,392,392,NA,NA
PA,17,618,618,618,618,618,618,618,NA,NA,NA,NA,618
RI,17,377,377,377,377,377,377,377,377,NA,377,377,377
SC,17,430,430,430,430,430,430,430,430,430,430,430,430
SD,17,356,356,356,356,356,356,356,356,NA,NA,356,356
TN,17,461,461,461,461,461,461,461,NA,461,NA,NA,NA
TX,17,840,840,840,840,840,840,840,NA,NA,NA,NA,NA
UT,17,419,419,419,419,419,419,419,419,419,NA,NA,NA
VA,17,457,457,457,457,457,457,457,457,NA,NA,NA,NA
VT,17,302,302,302,302,302,302,302,302,302,NA,NA,302
WA,17,443,443,443,443,443,443,443,443,NA,NA,NA,NA
WI,17,479,479,479,479,479,479,479,NA,NA,NA,NA,NA
WV,17,410,410,410,410,410,410,410,NA,NA,NA,NA,410
WY,17,300,300,300,300,300,300,300,300,300,300,300,NA
AK,18,239,239,239,239,239,239,239,239,239,239,239,239
AL,18,417,417,417,417,417,417,417,NA,417,NA,417,417
AR,18,399,399,399,399,399,399,399,NA,NA,NA,NA,399
AZ,18,456,456,456,456,456,456,456,456,456,NA,456,456
CA,18,773,773,773,773,773,773,773,NA,NA,NA,NA,773
CO,18,464,464,464,464,464,464,464,464,NA,464,NA,NA
CT,18,428,428,428,428,428,428,428,NA,NA,NA,NA,NA
DC,18,224,224,224,224,224,224,224,224,224,224,224,NA
DE,18,373,373,373,373,373,373,373,NA,NA,NA,373,NA
FL,18,705,705,705,705,705,705,705,705,NA,NA,NA,705
GA,18,455,455,455,455,455,455,455,455,NA,NA,NA,455
HI,18,330,330,330,330,330,330,330,330,NA,NA,NA,330
IA,18,424,424,424,424,424,424,424,424,424,NA,NA,424
ID,18,401,401,401,401,401,401,401,NA,NA,NA,401,401
IL,18,546,546,546,546,546,546,546,NA,NA,NA,546,546
IN,18,413,413,413,413,413,413,413,NA,NA,NA,413,NA
KS,18,423,423,423,423,423,423,423,NA,423,423,NA,NA
KY,18,434,434,434,434,434,434,434,434,NA,434,NA,NA
LA,18,466,466,466,466,466,466,466,NA,NA,NA,NA,466
MA,18,386,386,386,386,386,386,386,386,386,NA,NA,386
MD,18,444,444,444,444,444,444,444,444,444,444,NA,444
ME,18,431,431,431,431,431,431,431,NA,NA,NA,NA,431
MI,18,466,466,466,466,466,466,466,466,466,NA,466,466
MN,18,465,465,465,465,465,465,465,465,465,NA,465,465
MO,18,480,480,480,480,480,480,480,NA,480,NA,NA,480
MS,18,368,368,368,368,368,368,368,NA,NA,NA,NA,368
MT,18,356,356,356,356,356,356,356,356,NA,NA,NA,356
NC,18,496,496,496,496,496,496,496,NA,NA,NA,NA,496
ND,18,291,291,291,291,291,291,291,291,NA,NA,NA,291
NE,18,381,381,381,381,381,381,381,381,381,NA,NA,381
NH,18,386,386,386,386,386,386,386,386,386,386,NA,386
NJ,18,436,436,436,436,436,436,436,436,436,NA,NA,NA
NM,18,372,372,372,372,372,372,372,372,NA,NA,NA,372
NV,18,484,484,484,484,484,484,484,484,NA,NA,NA,484
NY,18,695,695,695,695,695,695,695,NA,NA,NA,NA,NA
OH,18,565,565,565,565,565,565,565,565,NA,NA,NA,NA
OK,18,466,466,466,466,466,466,466,NA,NA,NA,NA,NA
OR,18,481,481,481,481,481,481,481,481,NA,481,NA,NA
PA,18,490,490,490,490,490,490,490,490,NA,NA,490,490
RI,18,295,295,295,295,295,295,295,NA,NA,NA,NA,295
SC,18,491,491,491,491,491,491,491,NA,NA,NA,NA,NA
SD,18,315,315,315,315,315,315,315,315,NA,NA,315,315
TN,18,477,477,477,477,477,477,477,477,NA,NA,477,NA
TX,18,770,770,770,770,770,770,770,770,NA,NA,NA,770
UT,18,382,382,382,382,382,382,382,382,382,382,NA,382
VA,18,465,465,465,465,465,465,465,NA,NA,NA,NA,NA
VT,18,247,247,247,247,247,247,247,NA,NA,NA,247,247
WA,18,494,494,494,494,494,494,494,NA,494,494,NA,494
WI,18,481,481,481,481,481,481,481,481,NA,481,481,481
WV,18,343,343,343,343,343,343,343,NA,NA,NA,343,NA
WY,18,206,206,206,206,206,206,206,206,206,NA,206,206
AK,19,248,248,248,248,248,248,248,248,NA,248,248,248
AL,19,439,439,439,439,439,439,439,NA,NA,NA,NA,439
AR,19,510,510,510,510,510,510,510,510,NA,510,NA,510
AZ,19,516,516,516,516,516,516,516,NA,NA,NA,NA,NA
CA,19,1040,1040,1040,1040,1040,1040,1040,NA,NA,NA,NA,NA
CO,19,458,458,458,458,458,458,458,458,458,NA,NA,NA
CT,19,371,371,371,371,371,371,371,NA,NA,NA,NA,371
DC,19,299,299,299,299,299,299,299,299,299,NA,299,299
DE,19,392,392,392,392,392,392,392,392,392,392,392,392
FL,19,683,683,683,683,683,683,683,NA,NA,NA,NA,683
GA,19,519,519,519,519,519,519,519,519,519,NA,NA,NA
HI,19,403,403,403,403,403,403,403,403,NA,NA,NA,403
IA,19,408,408,408,408,408,408,408,408,NA,NA,NA,408
ID,19,467,467,467,467,467,467,467,NA,NA,NA,NA,467
IL,19,611,611,611,611,611,611,611,611,NA,611,NA,NA
IN,19,419,419,419,419,419,419,419,NA,NA,NA,NA,419
KS,19,382,382,382,382,382,382,382,NA,NA,NA,NA,NA
KY,19,428,428,428,428,428,428,428,428,428,NA,NA,428
LA,19,352,352,352,352,352,352,352,352,NA,352,NA,NA
MA,19,513,513,513,513,513,513,513,NA,NA,NA,NA,513
MD,19,479,479,479,479,479,479,479,NA,479,NA,NA,NA
ME,19,471,471,471,471,471,471,471,471,NA,NA,471,471
MI,19,563,563,563,563,563,563,563,NA,NA,NA,NA,563
MN,19,453,453,453,453,453,453,453,NA,NA,NA,453,NA
MO,19,489,489,489,489,489,489,489,NA,NA,NA,NA,489
MS,19,404,404,404,404,404,404,404,NA,NA,404,404,NA
MT,19,380,380,380,380,380,380,380,380,NA,NA,NA,380
NC,19,515,515,515,515,515,515,515,NA,NA,NA,515,NA
ND,19,343,343,343,343,343,343,343,NA,343,343,343,343
NE,19,445,445,445,445,445,445,445,NA,NA,NA,NA,445
NH,19,397,397,397,397,397,397,397,NA,NA,NA,NA,397
NJ,19,469,469,469,469,469,469,469,NA,NA,NA,NA,NA
NM,19,432,432,432,432,432,432,432,NA,NA,NA,NA,432
NV,19,446,446,446,446,446,446,446,NA,NA,NA,NA,446
NY,19,916,916,916,916,916,916,916,NA,NA,NA,NA,NA
OH,19,580,580,580,580,580,580,580,NA,NA,NA,NA,NA
OK,19,446,446,446,446,446,446,446,446,NA,NA,NA,446
OR,19,495,495,495,495,495,495,495,495,NA,NA,NA,NA
PA,19,539,539,539,539,539,539,539,NA,NA,NA,NA,539
RI,19,330,330,330,330,330,330,330,NA,NA,NA,NA,NA
SC,19,413,413,413,413,413,413,413,NA,NA,NA,NA,413
SD,19,324,324,324,324,324,324,324,324,NA,324,NA,NA
TN,19,462,462,462,462,462,462,462,NA,NA,NA,NA,462
TX,19,756,756,756,756,756,756,756,NA,NA,NA,NA,NA
UT,19,437,437,437,437,437,437,437,NA,NA,NA,NA,437
VA,19,527,527,527,527,527,527,527,527,NA,NA,NA,NA
VT,19,247,247,247,247,247,247,247,NA,NA,NA,NA,247
WA,19,550,550,550,550,550,550,550,NA,NA,NA,NA,550
WI,19,499,499,499,499,499,499,499,499,NA,499,NA,NA
WV,19,421,421,421,421,421,421,421,NA,421,NA,NA,421
WY,19,252,252,252,252,252,252,252,252,NA,NA,NA,252
AK,20,258,258,258,258,258,258,258,NA,NA,NA,NA,258
AL,20,412,412,412,412,412,412,412,NA,NA,NA,NA,412
AR,20,350,350,350,350,350,350,350,NA,NA,NA,NA,NA
AZ,20,518,518,518,518,518,518,518,NA,518,NA,518,NA
CA,20,1347,1347,1347,1347,1347,1347,1347,NA,NA,NA,NA,NA
CO,20,523,523,523,523,523,523,523,NA,NA,NA,NA,523
CT,20,341,341,341,341,341,341,341,341,NA,NA,NA,NA
DC,20,279,279,279,279,279,279,279,279,279,279,NA,NA
DE,20,373,373,373,373,373,373,373,NA,373,NA,NA,NA
FL,20,942,942,942,942,942,942,942,NA,NA,NA,NA,NA
GA,20,667,667,667,667,667,667,667,667,NA,667,NA,667
HI,20,390,390,390,390,390,390,390,NA,390,390,NA,390
IA,20,357,357,357,357,357,357,357,357,357,NA,NA,357
ID,20,416,416,416,416,416,416,416,NA,NA,NA,NA,416
IL,20,667,667,667,667,667,667,667,NA,NA,NA,NA,667
IN,20,455,455,455,455,455,455,455,455,455,NA,NA,455
KS,20,366,366,366,366,366,366,366,NA,NA,366,NA,NA
KY,20,429,429,429,429,429,429,429,429,429,NA,NA,429
LA,20,362,362,362,362,362,362,362,NA,NA,NA,NA,NA
MA,20,476,476,476,476,476,476,476,NA,NA,NA,NA,NA
MD,20,452,452,452,452,452,452,452,NA,NA,NA,NA,NA
ME,20,430,430,430,430,430,430,430,NA,430,NA,430,430
MI,20,560,560,560,560,560,560,560,560,NA,NA,NA,560
MN,20,438,438,438,438,438,438,438,NA,NA,NA,438,NA
MO,20,482,482,482,482,482,482,482,NA,NA,NA,NA,NA
MS,20,357,357,357,357,357,357,357,NA,NA,NA,NA,357
MT,20,365,365,365,365,365,365,365,NA,NA,NA,NA,365
NC,20,591,591,591,591,591,591,591,NA,591,NA,NA,NA
ND,20,357,357,357,357,357,357,357,NA,NA,NA,357,357
NE,20,338,338,338,338,338,338,338,338,338,NA,NA,NA
NH,20,318,318,318,318,318,318,318,318,318,318,NA,318
NJ,20,606,606,606,606,606,606,606,606,NA,NA,NA,606
NM,20,361,361,361,361,361,361,361,NA,NA,NA,NA,NA
NV,20,373,373,373,373,373,373,373,NA,NA,NA,NA,NA
NY,20,1047,1047,1047,1047,1047,1047,1047,NA,NA,NA,NA,NA
OH,20,670,670,670,670,670,670,670,670,NA,NA,NA,NA
OK,20,380,380,380,380,380,380,380,NA,NA,NA,NA,380
OR,20,404,404,404,404,404,404,404,404,NA,NA,NA,404
PA,20,680,680,680,680,680,680,680,NA,NA,NA,NA,680
RI,20,337,337,337,337,337,337,337,NA,NA,NA,NA,337
SC,20,431,431,431,431,431,431,431,431,NA,NA,431,431
SD,20,282,282,282,282,282,282,282,NA,NA,NA,NA,282
TN,20,480,480,480,480,480,480,480,NA,NA,NA,NA,480
TX,20,1040,1040,1040,1040,1040,1040,1040,NA,NA,NA,NA,1040
UT,20,379,379,379,379,379,379,379,379,NA,NA,NA,379
VA,20,624,624,624,624,624,624,624,624,NA,624,NA,624
VT,20,286,286,286,286,286,286,286,286,NA,NA,NA,286
WA,20,532,532,532,532,532,532,532,532,NA,532,NA,532
WI,20,464,464,464,464,464,464,464,464,NA,464,NA,464
WV,20,355,355,355,355,355,355,355,NA,NA,NA,NA,NA
WY,20,276,276,276,276,276,276,276,276,NA,NA,NA,276
AK,21,333,333,333,333,333,333,333,333,NA,NA,NA,333
AL,21,426,426,426,426,426,426,426,NA,NA,NA,NA,426
AR,21,410,410,410,410,410,410,410,410,NA,NA,NA,NA
AZ,21,469,469,469,469,469,469,469,NA,NA,NA,NA,NA
CA,21,1107,1107,1107,1107,1107,1107,1107,NA,NA,NA,NA,NA
CO,21,510,510,510,510,510,510,510,NA,NA,NA,NA,510
CT,21,406,406,406,406,406,406,406,406,NA,NA,NA,NA
DC,21,349,349,349,349,349,349,349,349,NA,NA,349,349
DE,21,466,466,466,466,466,466,466,NA,NA,466,NA,466
FL,21,701,701,701,701,701,701,701,NA,NA,NA,NA,NA
GA,21,603,603,603,603,603,603,603,NA,603,603,NA,NA
HI,21,482,482,482,482,482,482,482,482,482,NA,NA,482
IA,21,430,430,430,430,430,430,430,430,NA,NA,NA,NA
ID,21,462,462,462,462,462,462,462,NA,NA,NA,NA,462
IL,21,641,641,641,641,641,641,641,NA,641,NA,NA,641
IN,21,494,494,494,494,494,494,494,NA,NA,NA,NA,NA
KS,21,408,408,408,408,408,408,408,NA,NA,NA,NA,408
KY,21,449,449,449,449,449,449,449,NA,449,NA,NA,449
LA,21,414,414,414,414,414,414,414,NA,414,NA,414,414
MA,21,497,497,497,497,497,497,497,497,NA,NA,NA,497
MD,21,482,482,482,482,482,482,482,482,NA,NA,NA,NA
ME,21,446,446,446,446,446,446,446,446,NA,NA,NA,446
MI,21,576,576,576,576,576,576,576,NA,576,NA,NA,NA
MN,21,476,476,476,476,476,476,476,NA,476,476,NA,476
MO,21,523,523,523,523,523,523,523,523,NA,523,NA,NA
MS,21,370,370,370,370,370,370,370,370,NA,NA,370,NA
MT,21,430,430,430,430,430,430,430,NA,NA,NA,NA,430
NC,21,620,620,620,620,620,620,620,NA,NA,NA,NA,NA
ND,21,421,421,421,421,421,421,421,NA,NA,NA,421,421
NE,21,399,399,399,399,399,399,399,399,NA,NA,399,399
NH,21,342,342,342,342,342,342,342,342,NA,NA,NA,NA
NJ,21,534,534,534,534,534,534,534,NA,NA,NA,NA,NA
NM,21,448,448,448,448,448,448,448,NA,NA,NA,NA,448
NV,21,447,447,447,447,447,447,447,447,NA,NA,NA,NA
NY,21,1046,1046,1046,1046,1046,1046,1046,NA,NA,NA,NA,NA
OH,21,563,563,563,563,563,563,563,NA,NA,NA,NA,563
OK,21,445,445,445,445,445,445,445,NA,NA,NA,NA,445
OR,21,456,456,456,456,456,456,456,456,NA,NA,NA,456
PA,21,616,616,616,616,616,616,616,NA,NA,NA,NA,616
RI,21,436,436,436,436,436,436,436,436,436,NA,NA,436
SC,21,445,445,445,445,445,445,445,445,NA,445,445,NA
SD,21,420,420,420,420,420,420,420,NA,NA,NA,NA,420
TN,21,494,494,494,494,494,494,494,NA,NA,NA,NA,NA
TX,21,792,792,792,792,792,792,792,NA,NA,NA,NA,792
UT,21,412,412,412,412,412,412,412,412,412,NA,NA,412
VA,21,523,523,523,523,523,523,523,NA,NA,523,NA,523
VT,21,356,356,356,356,356,356,356,356,NA,356,356,356
WA,21,522,522,522,522,522,522,522,NA,NA,NA,NA,522
WI,21,466,466,466,466,466,466,466,466,NA,NA,NA,466
WV,21,404,404,404,404,404,404,404,NA,NA,NA,NA,NA
WY,21,391,391,391,391,391,391,391,391,NA,NA,NA,391
AK,22,290,290,290,290,290,290,290,290,NA,NA,290,290
AL,22,443,443,443,443,443,443,443,NA,NA,NA,NA,443
AR,22,379,379,379,379,379,379,379,NA,NA,NA,NA,379
AZ,22,494,494,494,494,494,494,494,NA,494,NA,NA,494
CA,22,946,946,946,946,946,946,946,NA,NA,NA,NA,946
CO,22,466,466,466,466,466,466,466,NA,NA,466,NA,466
CT,22,427,427,427,427,427,427,427,427,NA,NA,NA,427
DC,22,249,249,249,249,249,249,249,NA,NA,249,249,249
DE,22,417,417,417,417,417,417,417,417,417,417,NA,NA
FL,22,579,579,579,579,579,579,579,NA,NA,NA,NA,579
GA,22,501,501,501,501,501,501,501,NA,NA,NA,NA,NA
HI,22,432,432,432,432,432,432,432,432,NA,NA,NA,432
IA,22,415,415,415,415,415,415,415,NA,NA,NA,NA,415
ID,22,417,417,417,417,417,417,417,NA,NA,417,417,417
IL,22,599,599,599,599,599,599,599,NA,NA,NA,NA,NA
IN,22,472,472,472,472,472,472,472,NA,472,NA,NA,NA
KS,22,383,383,383,383,383,383,383,NA,NA,NA,383,383
KY,22,449,449,449,449,449,449,449,NA,NA,NA,NA,NA
LA,22,381,381,381,381,381,381,381,NA,NA,NA,NA,NA
MA,22,498,498,498,498,498,498,498,498,NA,NA,498,498
MD,22,450,450,450,450,450,450,450,NA,NA,NA,450,450
ME,22,433,433,433,433,433,433,433,433,NA,NA,NA,433
MI,22,587,587,587,587,587,587,587,NA,NA,NA,NA,NA
MN,22,476,476,476,476,476,476,476,NA,NA,NA,NA,NA
MO,22,493,493,493,493,493,493,493,493,NA,NA,NA,NA
MS,22,407,407,407,407,407,407,407,407,NA,NA,407,NA
MT,22,387,387,387,387,387,387,387,NA,NA,NA,387,NA
NC,22,526,526,526,526,526,526,526,NA,NA,NA,NA,NA
ND,22,335,335,335,335,335,335,335,NA,NA,NA,NA,335
NE,22,412,412,412,412,412,412,412,NA,NA,NA,NA,NA
NH,22,380,380,380,380,380,380,380,380,380,NA,380,380
NJ,22,490,490,490,490,490,490,490,NA,NA,NA,NA,NA
NM,22,384,384,384,384,384,384,384,NA,NA,384,384,384
NV,22,407,407,407,407,407,407,407,NA,407,NA,NA,407
NY,22,777,777,777,777,777,777,777,NA,NA,NA,NA,NA
OH,22,542,542,542,542,542,542,542,NA,NA,NA,NA,NA
OK,22,415,415,415,415,415,415,415,NA,NA,NA,NA,415
OR,22,471,471,471,471,471,471,471,NA,NA,NA,NA,471
PA,22,540,540,540,540,540,540,540,NA,NA,NA,NA,NA
RI,22,398,398,398,398,398,398,398,NA,NA,NA,398,398
SC,22,412,412,412,412,412,412,412,NA,NA,412,NA,412
SD,22,381,381,381,381,381,381,381,NA,NA,NA,NA,381
TN,22,506,506,506,506,506,506,506,NA,NA,NA,NA,506
TX,22,634,634,634,634,634,634,634,NA,NA,NA,NA,634
UT,22,402,402,402,402,402,402,402,402,NA,NA,402,402
VA,22,508,508,508,508,508,508,508,508,508,NA,NA,NA
VT,22,307,307,307,307,307,307,307,NA,NA,NA,NA,307
WA,22,499,499,499,499,499,499,499,NA,NA,NA,NA,NA
WI,22,496,496,496,496,496,496,496,NA,NA,496,NA,496
WV,22,389,389,389,389,389,389,389,NA,389,NA,NA,NA
WY,22,295,295,295,295,295,295,295,295,295,NA,NA,NA
AK,23,243,243,243,243,243,243,243,NA,NA,NA,NA,243
AL,23,465,465,465,465,465,465,465,NA,NA,NA,NA,465
AR,23,412,412,412,412,412,412,412,412,NA,NA,412,412
AZ,23,548,548,548,548,548,548,548,NA,NA,548,548,548
CA,23,1027,1027,1027,1027,1027,1027,1027,NA,NA,NA,NA,NA
CO,23,474,474,474,474,474,474,474,474,NA,NA,NA,NA
CT,23,463,463,463,463,463,463,463,NA,NA,463,NA,463
DC,23,339,339,339,339,339,339,339,NA,NA,NA,NA,NA
DE,23,381,381,381,381,381,381,381,NA,381,NA,NA,381
FL,23,610,610,610,610,610,610,610,610,NA,610,NA,610
GA,23,556,556,556,556,556,556,556,NA,NA,NA,NA,NA
HI,23,401,401,401,401,401,401,401,NA,NA,NA,NA,401
IA,23,438,438,438,438,438,438,438,NA,NA,NA,438,438
ID,23,429,429,429,429,429,429,429,NA,NA,NA,NA,429
IL,23,660,660,660,660,660,660,660,NA,NA,660,660,660
IN,23,499,499,499,499,499,499,499,NA,499,NA,499,499
KS,23,421,421,421,421,421,421,421,NA,421,NA,421,421
KY,23,477,477,477,477,477,477,477,NA,NA,NA,NA,477
LA,23,431,431,431,431,431,431,431,431,NA,NA,NA,NA
MA,23,499,499,499,499,499,499,499,NA,NA,NA,NA,499
MD,23,531,531,531,531,531,531,531,531,NA,NA,NA,531
ME,23,408,408,408,408,408,408,408,408,408,NA,NA,408
MI,23,623,623,623,623,623,623,623,623,NA,NA,623,623
MN,23,521,521,521,521,521,521,521,521,NA,NA,NA,521
MO,23,509,509,509,509,509,509,509,NA,NA,NA,509,509
MS,23,405,405,405,405,405,405,405,NA,NA,405,NA,405
MT,23,318,318,318,318,318,318,318,318,NA,NA,NA,318
NC,23,624,624,624,624,624,624,624,624,NA,NA,NA,NA
ND,23,359,359,359,359,359,359,359,NA,NA,359,359,NA
NE,23,422,422,422,422,422,422,422,422,NA,NA,NA,422
NH,23,387,387,387,387,387,387,387,NA,NA,NA,NA,NA
NJ,23,526,526,526,526,526,526,526,526,NA,NA,NA,526
NM,23,449,449,449,449,449,449,449,NA,NA,NA,NA,449
NV,23,446,446,446,446,446,446,446,NA,NA,NA,NA,446
NY,23,952,952,952,952,952,952,952,952,NA,NA,952,952
OH,23,561,561,561,561,561,561,561,561,NA,NA,NA,561
OK,23,436,436,436,436,436,436,436,436,NA,NA,436,436
OR,23,490,490,490,490,490,490,490,NA,490,NA,NA,490
PA,23,587,587,587,587,587,587,587,NA,NA,NA,NA,587
RI,23,365,365,365,365,365,365,365,365,NA,NA,NA,365
SC,23,471,471,471,471,471,471,471,NA,NA,NA,NA,471
SD,23,279,279,279,279,279,279,279,279,NA,279,NA,279
TN,23,511,511,511,511,511,511,511,511,NA,NA,NA,NA
TX,23,653,653,653,653,653,653,653,653,NA,NA,NA,653
UT,23,431,431,431,431,431,431,431,NA,NA,NA,NA,NA
VA,23,558,558,558,558,558,558,558,558,NA,NA,558,NA
VT,23,273,273,273,273,273,273,273,NA,NA,NA,NA,NA
WA,23,559,559,559,559,559,559,559,559,NA,NA,559,559
WI,23,519,519,519,519,519,519,519,NA,NA,NA,519,519
WV,23,408,408,408,408,408,408,408,NA,NA,NA,NA,NA
WY,23,271,271,271,271,271,271,271,NA,NA,NA,NA,271
AK,24,354,354,354,354,354,354,354,NA,NA,NA,NA,NA
AL,24,464,464,464,464,464,464,464,NA,NA,NA,NA,464
AR,24,412,412,412,412,412,412,412,NA,NA,412,412,412
AZ,24,532,532,532,532,532,532,532,NA,NA,NA,NA,NA
CA,24,1367,1367,1367,1367,1367,1367,1367,NA,NA,NA,NA,1367
CO,24,430,430,430,430,430,430,430,430,NA,NA,NA,430
CT,24,419,419,419,419,419,419,419,NA,NA,NA,NA,419
DC,24,362,362,362,362,362,362,362,NA,NA,NA,NA,NA
DE,24,423,423,423,423,423,423,423,NA,NA,NA,NA,NA
FL,24,1002,1002,1002,1002,1002,1002,1002,NA,NA,NA,NA,NA
GA,24,649,649,649,649,649,649,649,NA,NA,NA,NA,649
HI,24,383,383,383,383,383,383,383,383,383,NA,NA,383
IA,24,437,437,437,437,437,437,437,437,NA,NA,NA,437
ID,24,428,428,428,428,428,428,428,428,NA,NA,NA,428
IL,24,686,686,686,686,686,686,686,NA,NA,686,NA,686
IN,24,508,508,508,508,508,508,508,508,NA,NA,508,508
KS,24,408,408,408,408,408,408,408,NA,408,NA,408,408
KY,24,440,440,440,440,440,440,440,NA,NA,NA,NA,440
LA,24,408,408,408,408,408,408,408,408,NA,NA,NA,408
MA,24,542,542,542,542,542,542,542,NA,NA,NA,NA,NA
MD,24,530,530,530,530,530,530,530,530,NA,NA,NA,530
ME,24,463,463,463,463,463,463,463,NA,NA,NA,NA,463
MI,24,557,557,557,557,557,557,557,NA,NA,NA,NA,557
MN,24,433,433,433,433,433,433,433,NA,NA,NA,NA,NA
MO,24,537,537,537,537,537,537,537,537,NA,NA,NA,537
MS,24,433,433,433,433,433,433,433,NA,NA,NA,NA,433
MT,24,412,412,412,412,412,412,412,412,NA,NA,412,412
NC,24,671,671,671,671,671,671,671,671,NA,NA,NA,671
ND,24,403,403,403,403,403,403,403,NA,NA,NA,NA,NA
NE,24,398,398,398,398,398,398,398,NA,NA,NA,NA,NA
NH,24,374,374,374,374,374,374,374,374,374,374,374,NA
NJ,24,602,602,602,602,602,602,602,NA,NA,NA,NA,NA
NM,24,429,429,429,429,429,429,429,NA,429,429,NA,429
NV,24,439,439,439,439,439,439,439,NA,NA,NA,NA,NA
NY,24,949,949,949,949,949,949,949,NA,NA,NA,NA,NA
OH,24,723,723,723,723,723,723,723,NA,NA,NA,NA,NA
OK,24,435,435,435,435,435,435,435,NA,NA,NA,NA,NA
OR,24,430,430,430,430,430,430,430,NA,NA,NA,NA,NA
PA,24,700,700,700,700,700,700,700,700,NA,NA,NA,700
RI,24,425,425,425,425,425,425,425,NA,NA,NA,NA,NA
SC,24,508,508,508,508,508,508,508,NA,NA,NA,NA,508
SD,24,397,397,397,397,397,397,397,NA,NA,NA,NA,NA
TN,24,547,547,547,547,547,547,547,547,547,547,547,547
TX,24,1076,1076,1076,1076,1076,1076,1076,NA,NA,NA,NA,NA
UT,24,373,373,373,373,373,373,373,373,NA,373,NA,373
VA,24,578,578,578,578,578,578,578,NA,NA,NA,NA,NA
VT,24,297,297,297,297,297,297,297,NA,297,NA,NA,297
WA,24,559,559,559,559,559,559,559,NA,NA,NA,NA,559
WI,24,497,497,497,497,497,497,497,NA,NA,NA,NA,NA
WV,24,397,397,397,397,397,397,397,NA,NA,NA,397,397
WY,24,331,331,331,331,331,331,331,NA,NA,NA,NA,NA
AK,25,375,375,375,375,375,375,375,NA,NA,NA,375,375
AL,25,442,442,442,442,442,442,442,NA,NA,442,442,442
AR,25,406,406,406,406,406,406,406,406,NA,NA,406,406
AZ,25,479,479,479,479,479,479,479,NA,NA,NA,479,NA
CA,25,1268,1268,1268,1268,1268,1268,1268,1268,NA,NA,NA,NA
CO,25,504,504,504,504,504,504,504,NA,NA,NA,NA,NA
CT,25,422,422,422,422,422,422,422,NA,422,422,NA,422
DC,25,343,343,343,343,343,343,343,343,343,343,NA,343
DE,25,423,423,423,423,423,423,423,423,NA,NA,NA,423
FL,25,826,826,826,826,826,826,826,NA,NA,826,NA,NA
GA,25,599,599,599,599,599,599,599,599,NA,NA,NA,NA
HI,25,423,423,423,423,423,423,423,NA,NA,423,NA,423
IA,25,419,419,419,419,419,419,419,NA,NA,NA,NA,419
ID,25,437,437,437,437,437,437,437,NA,NA,NA,437,437
IL,25,578,578,578,578,578,578,578,578,578,NA,NA,578
IN,25,498,498,498,498,498,498,498,NA,NA,NA,NA,498
KS,25,401,401,401,401,401,401,401,401,NA,NA,401,401
KY,25,475,475,475,475,475,475,475,475,NA,NA,NA,475
LA,25,413,413,413,413,413,413,413,NA,NA,NA,NA,NA
MA,25,484,484,484,484,484,484,484,NA,NA,NA,NA,484
MD,25,508,508,508,508,508,508,508,NA,508,NA,NA,508
ME,25,441,441,441,441,441,441,441,NA,NA,NA,NA,441
MI,25,568,568,568,568,568,568,568,568,568,NA,568,568
MN,25,490,490,490,490,490,490,490,NA,NA,NA,NA,490
MO,25,510,510,510,510,510,510,510,510,NA,NA,NA,510
MS,25,438,438,438,438,438,438,438,438,NA,NA,NA,438
MT,25,431,431,431,431,431,431,431,431,NA,431,431,431
NC,25,586,586,586,586,586,586,586,NA,NA,NA,NA,NA
ND,25,443,443,443,443,443,443,443,443,NA,443,NA,443
NE,25,393,393,393,393,393,393,393,NA,NA,NA,NA,393
NH,25,368,368,368,368,368,368,368,NA,NA,368,368,368
NJ,25,525,525,525,525,525,525,525,NA,NA,525,NA,525
NM,25,467,467,467,467,467,467,467,NA,NA,NA,NA,467
NV,25,439,439,439,439,439,439,439,439,NA,NA,NA,439
NY,25,965,965,965,965,965,965,965,NA,NA,NA,NA,965
OH,25,621,621,621,621,621,621,621,NA,NA,NA,NA,NA
OK,25,478,478,478,478,478,478,478,NA,NA,NA,NA,478
OR,25,485,485,485,485,485,485,485,NA,NA,NA,NA,NA
PA,25,683,683,683,683,683,683,683,NA,NA,NA,NA,683
RI,25,419,419,419,419,419,419,419,NA,NA,NA,419,419
SC,25,454,454,454,454,454,454,454,NA,NA,NA,NA,NA
SD,25,398,398,398,398,398,398,398,398,NA,NA,398,398
TN,25,482,482,482,482,482,482,482,NA,NA,NA,NA,482
TX,25,981,981,981,981,981,981,981,981,NA,NA,NA,981
UT,25,398,398,398,398,398,398,398,NA,398,NA,398,398
VA,25,605,605,605,605,605,605,605,605,NA,NA,NA,NA
VT,25,391,391,391,391,391,391,391,391,NA,NA,391,391
WA,25,514,514,514,514,514,514,514,NA,NA,NA,NA,NA
WI,25,470,470,470,470,470,470,470,NA,NA,NA,470,470
WV,25,386,386,386,386,386,386,386,NA,NA,386,386,386
WY,25,412,412,412,412,412,412,412,NA,NA,NA,NA,412
AK,26,321,321,321,321,321,321,321,321,NA,321,321,321
AL,26,416,416,416,416,416,416,416,NA,416,NA,NA,416
AR,26,377,377,377,377,377,377,377,377,377,NA,377,377
AZ,26,488,488,488,488,488,488,488,488,488,NA,488,NA
CA,26,1423,1423,1423,1423,1423,1423,1423,NA,NA,NA,NA,1423
CO,26,456,456,456,456,456,456,456,NA,NA,456,456,456
CT,26,423,423,423,423,423,423,423,NA,NA,NA,NA,423
DC,26,272,272,272,272,272,272,272,272,NA,272,272,272
DE,26,401,401,401,401,401,401,401,401,NA,NA,NA,401
FL,26,699,699,699,699,699,699,699,699,699,699,NA,NA
GA,26,569,569,569,569,569,569,569,569,NA,NA,NA,569
HI,26,435,435,435,435,435,435,435,435,NA,435,435,435
IA,26,413,413,413,413,413,413,413,413,413,NA,413,413
ID,26,454,454,454,454,454,454,454,454,NA,NA,NA,454
IL,26,576,576,576,576,576,576,576,576,NA,NA,NA,576
IN,26,463,463,463,463,463,463,463,463,463,NA,NA,463
KS,26,402,402,402,402,402,402,402,402,402,402,402,402
KY,26,413,413,413,413,413,413,413,NA,NA,NA,413,413
LA,26,448,448,448,448,448,448,448,NA,NA,NA,NA,448
MA,26,604,604,604,604,604,604,604,604,604,604,604,604
MD,26,540,540,540,540,540,540,540,540,540,540,540,540
ME,26,435,435,435,435,435,435,435,435,435,NA,NA,NA
MI,26,640,640,640,640,640,640,640,NA,NA,640,NA,640
MN,26,482,482,482,482,482,482,482,482,482,482,482,482
MO,26,517,517,517,517,517,517,517,517,NA,NA,517,NA
MS,26,435,435,435,435,435,435,435,435,NA,NA,NA,NA
MT,26,426,426,426,426,426,426,426,NA,NA,NA,NA,426
NC,26,501,501,501,501,501,501,501,NA,NA,NA,NA,501
ND,26,389,389,389,389,389,389,389,389,389,389,389,389
NE,26,384,384,384,384,384,384,384,384,384,NA,NA,384
NH,26,360,360,360,360,360,360,360,360,360,360,NA,360
NJ,26,506,506,506,506,506,506,506,506,506,NA,506,NA
NM,26,379,379,379,379,379,379,379,NA,379,NA,379,379
NV,26,434,434,434,434,434,434,434,NA,NA,NA,NA,NA
NY,26,725,725,725,725,725,725,725,725,725,NA,725,NA
OH,26,540,540,540,540,540,540,540,NA,NA,NA,NA,540
OK,26,418,418,418,418,418,418,418,418,NA,418,418,418
OR,26,595,595,595,595,595,595,595,NA,NA,NA,595,595
PA,26,582,582,582,582,582,582,582,582,NA,582,NA,582
RI,26,437,437,437,437,437,437,437,437,NA,NA,NA,437
SC,26,431,431,431,431,431,431,431,NA,NA,NA,431,NA
SD,26,419,419,419,419,419,419,419,419,NA,419,419,419
TN,26,502,502,502,502,502,502,502,502,NA,502,502,NA
TX,26,804,804,804,804,804,804,804,NA,NA,NA,804,804
UT,26,411,411,411,411,411,411,411,411,411,411,411,411
VA,26,512,512,512,512,512,512,512,512,NA,512,NA,512
VT,26,305,305,305,305,305,305,305,305,305,305,305,305
WA,26,553,553,553,553,553,553,553,NA,NA,NA,NA,553
WI,26,482,482,482,482,482,482,482,482,NA,NA,NA,482
WV,26,426,426,426,426,426,426,426,426,426,NA,NA,426
WY,26,334,334,334,334,334,334,334,334,334,334,334,334
AK,27,295,295,295,295,295,295,295,295,295,295,295,295
AL,27,507,507,507,507,507,507,507,507,507,NA,507,507
AR,27,430,430,430,430,430,430,430,430,NA,430,430,430
AZ,27,530,530,530,530,530,530,530,NA,NA,NA,NA,530
CA,27,1002,1002,1002,1002,1002,1002,1002,1002,NA,NA,1002,1002
CO,27,483,483,483,483,483,483,483,NA,483,NA,483,483
CT,27,399,399,399,399,399,399,399,399,399,NA,399,399
DC,27,351,351,351,351,351,351,351,351,NA,NA,NA,351
DE,27,362,362,362,362,362,362,362,NA,362,NA,NA,362
FL,27,614,614,614,614,614,614,614,614,NA,NA,NA,NA
GA,27,554,554,554,554,554,554,554,554,NA,NA,NA,554
HI,27,415,415,415,415,415,415,415,415,NA,NA,NA,415
IA,27,414,414,414,414,414,414,414,414,414,NA,NA,414
ID,27,438,438,438,438,438,438,438,NA,NA,438,438,438
IL,27,652,652,652,652,652,652,652,652,NA,652,NA,652
IN,27,468,468,468,468,468,468,468,468,468,NA,NA,468
KS,27,417,417,417,417,417,417,417,417,NA,417,417,417
KY,27,449,449,449,449,449,449,449,449,449,449,449,449
LA,27,430,430,430,430,430,430,430,NA,NA,430,NA,430
MA,27,459,459,459,459,459,459,459,459,459,NA,459,459
MD,27,461,461,461,461,461,461,461,NA,NA,461,461,NA
ME,27,454,454,454,454,454,454,454,NA,NA,NA,NA,454
MI,27,624,624,624,624,624,624,624,624,NA,NA,624,NA
MN,27,450,450,450,450,450,450,450,NA,450,NA,450,NA
MO,27,508,508,508,508,508,508,508,NA,NA,NA,NA,508
MS,27,411,411,411,411,411,411,411,411,411,NA,NA,411
MT,27,441,441,441,441,441,441,441,441,NA,NA,NA,441
NC,27,605,605,605,605,605,605,605,NA,NA,NA,NA,NA
ND,27,378,378,378,378,378,378,378,378,NA,NA,378,378
NE,27,363,363,363,363,363,363,363,NA,363,363,363,363
NH,27,309,309,309,309,309,309,309,309,NA,309,309,309
NJ,27,560,560,560,560,560,560,560,NA,560,NA,NA,560
NM,27,381,381,381,381,381,381,381,381,NA,381,NA,NA
NV,27,431,431,431,431,431,431,431,431,431,NA,NA,431
NY,27,744,744,744,744,744,744,744,744,NA,NA,NA,NA
OH,27,541,541,541,541,541,541,541,541,541,NA,NA,541
OK,27,455,455,455,455,455,455,455,NA,NA,NA,NA,455
OR,27,448,448,448,448,448,448,448,448,448,448,448,NA
PA,27,501,501,501,501,501,501,501,NA,NA,NA,NA,501
RI,27,437,437,437,437,437,437,437,437,437,437,437,437
SC,27,489,489,489,489,489,489,489,489,489,NA,NA,489
SD,27,376,376,376,376,376,376,376,376,376,376,376,376
TN,27,567,567,567,567,567,567,567,567,NA,NA,NA,567
TX,27,677,677,677,677,677,677,677,NA,NA,677,677,677
UT,27,350,350,350,350,350,350,350,350,NA,NA,NA,350
VA,27,502,502,502,502,502,502,502,502,NA,NA,NA,502
VT,27,320,320,320,320,320,320,320,320,NA,320,320,320
WA,27,626,626,626,626,626,626,626,626,NA,NA,NA,626
WI,27,477,477,477,477,477,477,477,NA,477,NA,NA,NA
WV,27,375,375,375,375,375,375,375,NA,NA,NA,NA,375
WY,27,327,327,327,327,327,327,327,327,NA,NA,NA,327
